egon_line_id,eic_code,jao_name,jao_length_km,path_hops,length_ratio,egon_trafo_id
23048.0,11TD8L208------9,Eula - Weida 208,67.55,3.0,0.986,
5818.0,11TD8L208------9,Eula - Weida 208,67.55,3.0,0.986,
6250.0,11TD8L208------9,Eula - Weida 208,67.55,3.0,0.986,
4778.0,11TD8L275------7,Bentwisch - Güstrow 275,41.418,3.0,1.003,
15243.0,11TD8L317-276--N,Lüdershagen - Güstrow 317-276,106.538,4.0,0.998,
4777.0,11TD8L275------7,Bentwisch - Güstrow 275,41.418,3.0,1.003,
6405.0,11TD8L317-276--N,Lüdershagen - Güstrow 317-276,106.538,4.0,0.998,
49.0,11TD8L275------7,Bentwisch - Güstrow 275,41.418,3.0,1.003,
13000.0,11TD8L317-276--N,Lüdershagen - Güstrow 317-276,106.538,4.0,0.998,
3510.0,11TD8L291------L,Wuhlheide - Thyrow 291,38.882,2.0,0.955,
11499.0,11TD8L302------A,Wuhlheide (Abzweig) - Thyrow 302/2,38.882,2.0,0.955,
33222.0,11TD8L291------L,Wuhlheide - Thyrow 291,38.882,2.0,0.955,
3547.0,11TD8L295------Q,Hennigsdorf - Wustermark 295,27.4,3.0,1.003,
33232.0,11TD8L295------Q,Hennigsdorf - Wustermark 295,27.4,3.0,1.003,
3543.0,11TD8L295------Q,Hennigsdorf - Wustermark 295,27.4,3.0,1.003,
3605.0,11TD8L301------I,Marzahn - Wuhlheide 301,9.111,2.0,0.98,
11600.0,11TD8L302------A,Marzahn - Wuhlheide(Abzweig) 302/1,9.111,2.0,0.98,
11602.0,11TD8L301------I,Marzahn - Wuhlheide 301,9.111,2.0,0.98,
4190.0,11TD8L306------F,Vierraden - Pasewalk 306,61.885,4.0,1.003,
14407.0,11TD8L305------N,Bertikow - Pasewalk 305,29.471,1.0,0.99,
2986.0,11TD8L306------F,Vierraden - Pasewalk 306,61.885,4.0,1.003,
4192.0,11TD8L306------F,Vierraden - Pasewalk 306,61.885,4.0,1.003,
4191.0,11TD8L306------F,Vierraden - Pasewalk 306,61.885,4.0,1.003,
23183.0,11TD8L313------U,Lubmin - Lüdershagen 313,56.212,2.0,1.007,
23184.0,11TD8L314------M,Lubmin - Lüdershagen 314,56.212,2.0,1.007,
4660.0,11TD8L313------U,Lubmin - Lüdershagen 313,56.212,2.0,1.007,
14977.0,11TD8L314------M,Lubmin - Lüdershagen 314,56.212,2.0,1.007,
12998.0,11TD8L315------E,Pasewalk - Güstrow 315,151.143,2.0,0.993,
30187.0,11TD8L316------6,Pasewalk - Güstrow 316,151.143,2.0,0.993,
33635.0,11TD8L315------E,Pasewalk - Güstrow 315,151.143,2.0,0.993,
5071.0,11TD8L317-276--N,Lüdershagen - Güstrow 317-276,106.538,4.0,0.998,
15244.0,11TD8L318------R,Lüdershagen - Bentwisch 318,65.349,1.0,0.991,
6408.0,11TD8L328------I,Parchim/Süd - Güstrow 328,52.317,3.0,1.003,
33607.0,11TD8L332-322--6,Parchim/Süd - Wolmirstedt 332-322,141.507,2.0,1.099,
33891.0,11TD8L332-322--6,Parchim/Süd - Wolmirstedt 332-322,141.507,2.0,1.099,
33784.0,11TD8L357-----0Y,Eula - Wolkramshausen 357,159.147,2.0,0.995,
23674.0,11TD8L367------R,Vieselbach - Wolkramshausen 367,65.756,2.0,1.008,
24749.0,11TD8L368------J,Vieselbach - Wolkramshausen 368,65.756,2.0,1.008,
33812.0,11TD8L367------R,Vieselbach - Wolkramshausen 367,65.756,2.0,1.008,
3704.0,11TD8L415------4,Vieselbach - Remptendorf - Großschwabhausen 415,77.547,3.0,0.998,
11726.0,11TD8L416------X,Vieselbach - Remptendorf 416,77.547,3.0,0.998,
3705.0,11TD8L415------4,Vieselbach - Remptendorf - Großschwabhausen 415,77.547,3.0,0.998,
11725.0,11TD8L416------X,Vieselbach - Remptendorf 416,77.547,3.0,0.998,
2416.0,11T-D2-D8-00051V,Redwitz - Remptendorf 414,55.969,2.0,0.993,
2439.0,11T-D2-D8-00050X,Redwitz - Remptendorf 413,55.985,2.0,0.993,
10884.0,11TD8L992------H,Hamburg/Ost - Krümmel 992,28.392,2.0,1.001,
10952.0,11TD8L419------9,Krümmel - Görries 419,87.47,2.0,0.988,
33865.0,11TD8L419------9,Krümmel - Görries 419,87.47,2.0,0.988,
12815.0,11TD8L423------B,Görries - Güstrow 423,71.582,2.0,0.989,
13844.0,11TD8L420------Z,Krümmel - Wessin 420,111.421,3.0,0.99,
1115.0,11TD8L423------B,Görries - Güstrow 423,71.582,2.0,0.989,
12814.0,11TD8L424------3,Wessin - Güstrow 424,47.103,1.0,0.995,
16845.0,11TD8L437------7,Wolmirstedt - Förderstedt 437,48.545,2.0,0.993,
17320.0,11TD8L438-----0Y,Wolmirstedt - Förderstedt 438,48.545,2.0,0.993,
6872.0,11TD8L437------7,Wolmirstedt - Förderstedt 437,48.545,2.0,0.993,
16844.0,11TD8L438-----0Y,Wolmirstedt - Förderstedt 438,48.545,2.0,0.993,
3700.0,11T-D2-D8-000302,Mecklar - Vieselbach 449,129.724,2.0,0.978,
11722.0,11TD8L454------D,Eisenach - Vieselbach 454,72.285,1.0,0.989,
7331.0,11TD8L463------C,Altenfeld - Remptendorf 463,50.254,2.0,0.995,
17236.0,11TD8L464------4,Altenfeld - Remptendorf 464,50.254,2.0,0.995,
33767.0,11TD8L467------H,Vieselbach - Altenfeld 467,56.081,1.0,0.977,
33949.0,11TD8L471------J,Lauchstädt - Vieselbach 471,78.069,1.0,0.984,
10012.0,11TD8L475------O,Lubmin - Altentreptow/Nord 475,52.115,1.0,0.995,
19206.0,11T0-0000-0007-7,Lubmin - Altentreptow/Süd 476,68.8,2.0,0.992,
10007.0,11T0-0000-0007-7,Lubmin - Altentreptow/Süd 476,68.8,2.0,0.992,
19205.0,11T0-0000-0008-4,Altentreptow/Nord - Altentreptow/Süd 477,16.767,1.0,0.979,
3849.0,11TD8L479------T,Altentreptow/Süd - Gransee 479,77.008,1.0,0.993,
11909.0,11T0-0000-0010-O,Altentreptow/Süd - Malchow 518,131.262,3.0,0.986,
33987.0,,Stendal/West - Wolmirstedt 487,37.245,1.0,0.998,
32247.0,11T0-0000-0980-P,Stendal/West - Wolmirstedt 488,37.245,1.0,0.998,
31728.0,11TD8L494------E,Wolmirstedt - Wustermark 494,104.103,2.0,1.002,
3434.0,11TD8L493------M,Wolmirstedt - Teufelsbruch 493,124.397,2.0,1.0,
11377.0,11TD8L498------J,Wustermark - Teufelsbruch 498,29.597,2.0,0.996,
31723.0,11TD8L494------E,Wolmirstedt - Wustermark 494,104.103,2.0,1.002,
33177.0,11TD8L496------Z,Neuenhagen - Marzahn 496,16.937,1.0,0.993,
3824.0,11TD8L499------B,Jessen/Nord - Lauchstädt 499,102.157,2.0,0.99,
11873.0,11TD8L500------6,Jessen/Nord - Marke 500,107.37,2.0,0.992,
3664.0,11TD8L499------B,Jessen/Nord - Lauchstädt 499,102.157,2.0,0.99,
11670.0,11TD8L504------B,Marke - Lauchstädt 504,50.873,2.0,0.985,
3663.0,11TD8L500------6,Jessen/Nord - Marke 500,107.37,2.0,0.992,
11668.0,11TD8L504------B,Marke - Lauchstädt 504,50.873,2.0,0.985,
3257.0,11TD8L531------8,Förderstedt - Ragow 531,179.426,5.0,0.993,
11124.0,11T0-0000-0040-C,Ragow - Schönewalde 501,54.003,1.0,0.992,
11120.0,11TD8L531------8,Förderstedt - Ragow 531,179.426,5.0,0.993,
17240.0,11TD8L502-----1N,Ragow - Jessen/Nord 502,61.782,2.0,0.991,
3938.0,11TD8L509------8,Lubmin - Siedenbrünzow 509,56.205,1.0,0.99,
12037.0,11TD8L510------Y,Lubmin - Siedenbrünzow 510,56.205,1.0,0.99,
11174.0,11TD8L512------I,Siedenbrünzow - Güstrow 512,93.611,2.0,0.981,
3891.0,11TD8L514-----1Z,Güstrow - Putlitz/Süd 514,100.3,2.0,0.994,
11957.0,11TD8L512------I,Siedenbrünzow - Güstrow 512,93.611,2.0,0.981,
33128.0,11TD8L514-----1Z,Güstrow - Putlitz/Süd 514,100.3,2.0,0.994,
33383.0,11TD8L516------N,Perleberg - Stendal/West 516,75.543,2.0,0.988,
33384.0,11TD8L516------N,Perleberg - Stendal/West 516,75.543,2.0,0.988,
33226.0,11T0-0000-0010-O,Altentreptow/Süd - Malchow 518,131.262,3.0,0.986,
33333.0,11T0-0000-0010-O,Altentreptow/Süd - Malchow 518,131.262,3.0,0.986,
3831.0,11TD8L521-525--G,Wustermark - Ragow 521-525,130.739,3.0,1.0,
3833.0,11TD8L521-525--G,Wustermark - Ragow 521-525,130.739,3.0,1.0,
11879.0,11TD8L522------9,Thyrow - Ragow 522,61.804,2.0,1.0,
33323.0,11TD8L521-525--G,Wustermark - Ragow 521-525,130.739,3.0,1.0,
31739.0,11TD8L526------E,Wustermark - Thyrow 526,69.44,1.0,0.996,
7033.0,11TD8L531------8,Förderstedt - Ragow 531,179.426,5.0,0.993,
16854.0,11T0-0000-0042-6,Förderstedt - Jessen/Nord 533,117.5,3.0,0.995,
7034.0,11TD8L531------8,Förderstedt - Ragow 531,179.426,5.0,0.993,
16849.0,11T0-0000-0042-6,Förderstedt - Jessen/Nord 533,117.5,3.0,0.995,
3577.0,11TD8L535------D,Lauchstädt - Wolmirstedt 535,155.36,2.0,0.996,
11550.0,11TD8L538------Q,Klostermansfeld - Lauchstädt 538,38.769,1.0,0.983,
3574.0,11TD8L535------D,Lauchstädt - Wolmirstedt 535,155.36,2.0,0.996,
11561.0,11TD8L536------5,Wolmirstedt - Klostermansfeld 536,117.188,1.0,0.995,
8418.0,11TD8L539------I,Ragow - Preilack 539,43.164,1.0,0.99,
17816.0,11TD8L540------7,Ragow - Preilack 540,43.164,1.0,0.99,
3435.0,11TD8L541-----0Y,Graustein - Preilack 541,62.459,1.0,0.984,
11382.0,11TD8L542------S,Graustein - Preilack 542,62.459,1.0,0.984,
6949.0,11TD8L547------P,Eisenhüttenstadt (Abzweig) - Eisenhüttenstadt 547-2,7.526,1.0,0.982,
17245.0,11T0000000000023,Eisenhüttenstadt (Abzweig) - Eisenhüttenstadt 548-2,7.526,1.0,0.982,
7335.0,11TD8L547------P,Eisenhüttenstadt (Abzweig) - Preilack 547-1,38.476,1.0,0.995,
17232.0,11T0000000000023,Eisenhüttenstadt (Abzweig) - Preilack 548-1,38.476,1.0,0.995,
7536.0,11TD8L547------P,Neuenhagen - Heinersdorf (Abzweig) 547-3,41.722,1.0,0.99,
7342.0,11TD8L547------P,Eisenhüttenstadt (Abzweig) - Heinersdorf (Abzweig) 547-4,45.247,1.0,0.999,
17244.0,11T0000000000023,Eisenhüttenstadt (Abzweig) - Heinersdorf (Abzweig) 548-4,45.247,1.0,0.999,
7601.0,11TD8L551------R,Bärwalde - Schmölln 551,45.911,1.0,0.99,
17466.0,11TD8L552------J,Bärwalde - Schmölln 552,45.911,1.0,0.99,
7434.0,11TD8L553------B,Hagenwerder - Schmölln 553,56.656,1.0,0.993,
17346.0,11TD8L554------3,Hagenwerder - Schmölln 554,56.656,1.0,0.993,
16807.0,11TD8L555------W,Schmölln - Dresden/Süd 555,36.548,1.0,0.972,
18131.0,11TD8L557------G,Bärwalde - Streumen 557,93.783,1.0,0.994,
8230.0,11TD8L559------0,Preilack - Streumen 559,121.222,2.0,0.992,
17590.0,11TD8L560------Q,Preilack - Streumen 560,121.222,2.0,0.992,
8143.0,11TD8L559------0,Preilack - Streumen 559,121.222,2.0,0.992,
18296.0,11TD8L560------Q,Preilack - Streumen 560,121.222,2.0,0.992,
7273.0,11T0-0000-0043-3,Ragow - Streumen 561,88.719,1.0,0.995,
17153.0,11TD8L562------A,Ragow - Streumen 562,88.719,1.0,0.995,
2443.0,11TD8L565------N,Graustein - Bärwalde 565,21.801,1.0,0.982,
11747.0,11TD8L566------F,Graustein - Bärwalde 566,21.801,1.0,0.982,
16074.0,11TD8L571------9,Streumen - Röhrsdorf 571,82.808,2.0,0.999,
5814.0,11TD8L591------S,Dresden/Süd - Röhrsdorf 591,85.368,3.0,0.984,
6533.0,11TD8L594------4,Freiberg/Nord - Röhrsdorf 594,37.587,2.0,0.991,
6532.0,11TD8L573------U,Röhrsdorf - Weida 573,61.654,2.0,0.967,
16730.0,11TD8L574------M,Remptendorf - Röhrsdorf 574,103.396,4.0,0.997,
5822.0,11TD8L574------M,Remptendorf - Röhrsdorf 574,103.396,4.0,0.997,
16092.0,11TD8L575------E,Remptendorf - Weida 575,45.505,2.0,0.954,
16097.0,11TD8L574------M,Remptendorf - Röhrsdorf 574,103.396,4.0,0.997,
7651.0,11TD8L585------5,Streumen - Eula 585,84.359,1.0,0.995,
17485.0,11TD8L586------Y,Streumen - Eula 586,84.359,1.0,0.995,
6903.0,11TD8L587------Q,Eula - Pulgar 587,20.185,1.0,0.985,
17365.0,11TD8L588------I,Eula - Pulgar 588,20.185,1.0,0.985,
33981.0,11TD8L589------A,Pulgar - Vieselbach 589,104.4,1.0,0.994,
6989.0,11TD8L591------S,Dresden/Süd - Röhrsdorf 591,85.368,3.0,0.984,
16812.0,11TD8L592------K,Dresden/Süd - Freiberg/Nord 592,47.765,1.0,0.978,
7399.0,11TD8L591------S,Dresden/Süd - Röhrsdorf 591,85.368,3.0,0.984,
33689.0,11TD8L596------P,Putlitz/Süd - Perleberg - Putlitz 596,34.208,3.0,0.975,
10420.0,11TD8L596------P,Putlitz/Süd - Perleberg - Putlitz 596,34.208,3.0,0.975,
17352.0,11TD8L903------G,Reuter - Mitte 903,10.69,3.0,1.064,
7447.0,11TD8L903------G,Reuter - Mitte 903,10.69,3.0,1.064,
17350.0,11TD8L904------8,Reuter - Charlottenburg 904,5.27,2.0,1.113,
7535.0,11TD8L903------G,Reuter - Mitte 903,10.69,3.0,1.064,
30088.0,11TD8L907------L,Teufelsbruch - Reuter 907,7.55,2.0,1.018,
30087.0,11TD8L907------L,Teufelsbruch - Reuter 907,7.55,2.0,1.018,
7597.0,11TD8L919------X,Friedrichshain - Mitte 919,6.55,1.0,1.006,
6966.0,11TD8L921------E,Friedrichshain - Marzahn 921,5.38,1.0,1.049,
17238.0,11TD8L922------6,Friedrichshain - Marzahn 922,5.35,1.0,1.055,
33196.0,11TD8L951------O,Hamburg/Nord - Brunsbüttel 951,57.098,2.0,0.985,
3483.0,11TD8L951------O,Hamburg/Nord - Brunsbüttel 951,57.098,2.0,0.985,
11441.0,11TD8L952------G,Hamburg/Nord - Brunsbüttel 952,57.098,2.0,0.985,
33255.0,11TD8L961------F,Hamburg/Ost - Hamburg/Nord 961,31.001,2.0,0.991,
3637.0,11TD8L961------F,Hamburg/Ost - Hamburg/Nord 961,31.001,2.0,0.991,
11638.0,11TD8L962------7,Hamburg/Ost - Hamburg/Nord 962,31.001,2.0,0.991,
34110.0,11TD8L971------6,Hamburg/Süd - Hamburg/Ost 971,29.433,1.0,0.982,
33375.0,11TD8L992------H,Hamburg/Ost - Krümmel 992,28.392,2.0,1.001,
7488.0,11T0-0000-0698-C,Y-Leupolz (-Bidingen - Oberottmarshausen) ALLG O,30.65944399258279,1.0,0.996,
32053.0,11T0-0000-0769-G,Y-Oberottmarshausen (-Bidingen - Leupolz) ALLG O ,50.5392586127609,1.0,0.997,
33511.0,11T0-0000-0744-2,Nehden - Uentrop SAUERL N ,115.50787466324708,2.0,0.976,
5426.0,11T0-0000-0724-A,Meitingen - Oberottmarshausen AUGSBU O ,51.76402306991074,3.0,0.978,
7412.0,11T0-0000-0723-D,Lechhausen - Meitingen LECHHA W ,30.9493748308286,3.0,0.987,
7410.0,11T0-0000-0724-A,Meitingen - Oberottmarshausen AUGSBU O ,51.76402306991074,3.0,0.978,
17325.0,11T0-0000-0723-D,Lechhausen - Meitingen LECHHA W ,30.9493748308286,3.0,0.987,
33883.0,11T0-0000-0724-A,Meitingen - Oberottmarshausen AUGSBU O ,51.76402306991074,3.0,0.978,
6915.0,11T0-0000-0694-O,Lechhausen - Oberottmarshausen AUGSBU W ,35.33910704583083,2.0,0.976,
17341.0,11T0-0000-0723-D,Lechhausen - Meitingen LECHHA W ,30.9493748308286,3.0,0.987,
33290.0,11T0-0000-0506-M,St. Barbara - Uchtelfangen BABARA ,20.38636832356388,1.0,0.9,
32913.0,11T0-0000-0307-T,Benteler - Hanekenfaehr BENTLR ,1.2508485048325029,1.0,1.171,
33859.0,11T0-0000-0843-0,Meckenheim - Sechtem BGEIST W ,22.275320149411343,1.0,0.94,
33095.0,11T0-0000-0376-4,Maximiliansau - Mutterstadt BIENWD W ,47.9401794893425,1.0,0.937,
33706.0,11T0-0000-0114-7,Y-Altenkleusheim (-Garenfeld - Opladen) BIGGE W ,52.73624436354184,1.0,0.967,
1834.0,11T0-0000-0274-F,Y-Garenfeld (-Altenkleusheim - Opladen) BIGGE W ,10.049508411261836,1.0,0.963,
5344.0,11T0-0000-0272-L,Bixterheide - Garenfeld BIXTRH N ,22.27493328891095,2.0,0.931,
33703.0,11T0-0000-0420-0,Y-Opladen (-Altenkleusheim - Garenfeld) BIGGE W ,58.21860842824953,2.0,0.96,
33704.0,11T0-0000-0420-0,Y-Opladen (-Altenkleusheim - Garenfeld) BIGGE W ,58.21860842824953,2.0,0.96,
33763.0,11T0-0000-0175-H,Y-Bixterheide (-Altenkleusheim - Opladen) BIGGE O ,12.163105162265255,1.0,0.909,
33138.0,11T0-0000-0740-E,Mittelbexbach - Uchtelfangen BLIES N ,20.305891551757625,1.0,0.96,
33659.0,11T0-0000-0176-E,Bochum - Eiberg BOCHUM W ,12.89045394309713,5.0,0.941,
1497.0,11T0-0000-0176-E,Bochum - Eiberg BOCHUM W ,12.89045394309713,5.0,0.941,
13115.0,11T0-0000-0183-J,Y-Bochum (-Kusenhorst - Poeppinghausen) HOCHLR W ,11.747051581910672,6.0,2.275,
1499.0,11T0-0000-0176-E,Bochum - Eiberg BOCHUM W ,12.89045394309713,5.0,0.941,
13113.0,11T0-0000-0183-J,Y-Bochum (-Kusenhorst - Poeppinghausen) HOCHLR W ,11.747051581910672,6.0,2.275,
2165.0,11T0-0000-0176-E,Bochum - Eiberg BOCHUM W ,12.89045394309713,5.0,0.941,
2166.0,11T0-0000-0176-E,Bochum - Eiberg BOCHUM W ,12.89045394309713,5.0,0.941,
2467.0,11T0-0000-0246-L,Y-Eiberg (-Bergmannsglueck - Gelsenberg) GLADBK W ,14.713820691105711,2.0,0.909,
2254.0,11T0-0000-0194-C,Bocklemuend - Brauweiler BOCKLE N ,4.717661792063552,1.0,0.904,
13538.0,11T0-0000-0195-9,Bocklemuend - Brauweiler BOCKLE S ,4.717661792063552,1.0,0.904,
33545.0,11T0-0000-0537-7,Wehrendorf - Westerkappeln WIEHEN O ,62.234495598898704,3.0,0.617,
19.0,11T-D2-D7-00002F,Hanekenfaehr - Doerpen/W EWBL,73.05039586943188,5.0,1.087,
32.0,11T0-0000-0617-A,Gronau - Hanekenfaehr GRONAU W ,46.60619286408437,3.0,0.99,
33506.0,11T-D2-D7-00002F,Hanekenfaehr - Doerpen/W EWBL,73.05039586943188,5.0,1.087,
33625.0,11T0-0000-0640-J,Hanekenfaehr - Meppen MEPPEN ,47.28218271947467,3.0,0.992,
33509.0,11T0-0000-0641-G,Hanekenfaehr - Wehrendorf NSACHS S ,74.8063943339702,4.0,0.975,
33507.0,11T0-0000-0642-D,Hanekenfaehr - Westerkappeln BRAMGAU ,60.66825269529796,4.0,0.987,
33853.0,11T0-0000-0927-S,Brauweiler - Rommerskirchen BRAUWL W ,9.72081338927504,1.0,0.9,
7493.0,11T0-0000-0831-A,Rommerskirchen - Sechtem VILLE O ,34.14245197095014,2.0,0.959,
2476.0,11T0-0000-0164-O,Bergmannsglueck - Buescherhof BUER S ,17.413510859267358,2.0,0.682,
4456.0,11T0-0000-0169-9,Y-Bergmannsglueck (-Eiberg - Gelsenberg) GLADBK W ,7.953824610043739,2.0,0.981,
34104.0,11T0-0000-0164-O,Bergmannsglueck - Buescherhof BUER S ,17.413510859267358,2.0,0.682,
33141.0,11T0-0000-0568-T,Buerstadt - Lambsheim BUERST W ,16.84127763980028,1.0,0.936,
1060.0,11T0-0000-0576-V,Y-Buescherhof (-Karnap - Rosenblumendelle) BUESHR W ,5.3492599067419935,2.0,0.9,
12736.0,11T0-0000-0763-Y,Buescherhof - Nordlicht ESSEN W ,14.611097828281546,6.0,0.925,
1058.0,11T0-0000-0576-V,Y-Buescherhof (-Karnap - Rosenblumendelle) BUESHR W ,5.3492599067419935,2.0,0.9,
33982.0,11T0-0000-0657-V,Y-Karnap (-Buescherhof - Rosenblumendelle) BUESHR W ,0.8904431046356157,1.0,1.054,
33575.0,11T0-0000-0838-Q,Y-Rosenblumendelle (-Buescherhof - Karnap) BUESHR W ,11.13984284039736,1.0,0.974,
31746.0,11T0-0000-0928-P,Brauweiler - Knapsack BURBAC O ,12.674139985555165,1.0,1.008,
33561.0,11T0-0000-0280-N,Y-Gersteinwerk (-Poeppingshausen - Ruhrzink) CAPPEN N ,29.968020578313773,3.0,0.989,
31759.0,11T0-0000-0280-N,Y-Gersteinwerk (-Poeppingshausen - Ruhrzink) CAPPEN N ,29.968020578313773,3.0,0.989,
882.0,11T0-0000-0280-N,Y-Gersteinwerk (-Poeppingshausen - Ruhrzink) CAPPEN N ,29.968020578313773,3.0,0.989,
12670.0,11T0-0000-0259-8,Y-Elmenhorst (-Poeppinghausen - Ruhrzink) ELMENH S ,10.39606618189119,3.0,0.935,
873.0,11T0-0000-0441-Q,Y-Poeppinghausen (-Gersteinwerk - Ruhrzink) CAPPEN N ,7.763231616598316,1.0,0.882,
12675.0,11T0-0000-0442-N,Y-Poeppinghausen (-Elmenhorst - Ruhrzink) ELMENH S ,7.704382900878283,1.0,0.889,
874.0,11T0-0000-0464-9,Y-Ruhrzink (-Gersteinwerk - Poeppinghausen) CAPPEN N ,1.7441522919967596,1.0,0.956,
12672.0,11T0-0000-0465-6,Y-Ruhrzink (-Elmenhorst - Poeppinghausen) ELMENH S ,1.7441522919967596,1.0,0.956,
1813.0,11T0-0000-0259-8,Y-Elmenhorst (-Poeppinghausen - Ruhrzink) ELMENH S ,10.39606618189119,3.0,0.935,
13336.0,11T0-0000-0282-H,Elmenhorst - Gersteinwerk CAPPEN S ,27.699752437019946,3.0,0.986,
31891.0,11T0-0000-0282-H,Elmenhorst - Gersteinwerk CAPPEN S ,27.699752437019946,3.0,0.986,
33967.0,11T0-0000-0727-1,Datteln - Mengede DATTLN O ,9.97621371630069,2.0,0.929,
3046.0,11T0-0000-0729-W,Gersteinwerk - Mengede MENGED N ,34.728974720805326,6.0,0.931,
14150.0,11T0-0000-0733-9,Lippe - Mengede MENGED S ,10.353547114477047,2.0,0.905,
33610.0,11T0-0000-0706-C,Dauersberg - Linde DAURSB O ,73.85680573368353,1.0,0.948,
1196.0,11T0-0000-0632-H,Dauersberg - Halfeshof DAURSB W ,84.37167501186224,2.0,0.936,
12873.0,11T0-0000-0791-S,Linde - Opladen LEICHL O ,28.45864699873656,2.0,0.892,
31847.0,11T0-0000-0382-C,Hamborn - Niederrhein DINSLK W,19.14795653640184,2.0,0.837,
34024.0,11T0-0000-0382-C,Hamborn - Niederrhein DINSLK W,19.14795653640184,2.0,0.837,
33148.0,11T0-0000-0963-O,Y-Hoheneck (-Herbertingen - Metzingen) sw,62.7,5.0,0.909,
33149.0,11T0-0000-0963-O,Y-Hoheneck (-Herbertingen - Metzingen) sw,62.7,5.0,0.909,
5286.0,11T0-0000-0963-O,Y-Hoheneck (-Herbertingen - Metzingen) sw,62.7,5.0,0.909,
8495.0,11TD400000528-LC,Endersbach - Wendlingen bl,20.3,4.0,0.934,
5287.0,11TD400000600-LB,Buenzwangen - Laichingen gn,48.1,2.0,0.94,
15533.0,11T0-0000-0957-G,Y-Hoheneck (-Dellmensingen - Voehringen) DONAU O ,98.78351537827191,5.0,0.956,
5292.0,11TD400000526-LK,Dellmensingen - Laichingen ws,23.3,1.0,1.026,
15540.0,11T0-0000-0957-G,Y-Hoheneck (-Dellmensingen - Voehringen) DONAU O ,98.78351537827191,5.0,0.956,
34202.0,11T0-0000-0956-J,Y-Voehringen (-Dellmensingen - Hoheneck) DONAU O ,17.136443537945325,2.0,0.965,
33126.0,11T0-0000-0625-C,Gundelfingen - Voehringen GUENZ N ,46.301485591378615,4.0,0.987,
4945.0,11T0-0000-0956-J,Y-Voehringen (-Dellmensingen - Hoheneck) DONAU O ,17.136443537945325,2.0,0.965,
15052.0,11T-D4-D7-00005O,Dellmensingen - Voehringen DONAU W     ,8.397242244840518,2.0,1.97,
5585.0,11T0-0000-0996-3,Y-St. Huelfe (-Ohlensehlen - Wehrendorf) DUEMM S1 ,15.649196583559046,1.0,0.763,
33314.0,11T0-0000-0978-5,Y-Wehrendorf (-Ohlensehlen - St. Huelfe) DUEMM S1 ,21.216852281744348,1.0,0.996,
31930.0,11T0-0000-1115-Z,Y-Ohlensehlen (-St. Huelfe - Wehrendorf) DUEMM S1    ,20.59887529519151,1.0,2.03,
33583.0,11T0-0000-0413-W,Duennwald - Opladen DUENNW O ,9.980755584833869,1.0,0.694,
1702.0,11T0-0000-0651-C,Eiberg - Huellen HUELLN W ,11.447691011399147,3.0,0.868,
2229.0,11T0-0000-0647-Z,Eiberg - Hattingen WEITMR W ,24.83060607356457,4.0,0.974,
33740.0,11T0-0000-0654-3,Eiberg - Karnap EIBERG N ,14.45086568133972,2.0,0.924,
6588.0,11T0-0000-0121-C,Y-Altenkleusheim (-Eiserfeld - Setzer Wiese) EISERF ,7.338297365956287,1.0,0.981,
31984.0,11T0-0000-0248-F,Y-Eiserfeld (-Altenkleusheim - Setzerwiese) EISERF ,17.094297146341617,1.0,0.985,
31982.0,11T0-0000-1377-W,Y-Setzer Wiese (-Altenkleusheim - Eiserfeld) EISERF ,5.832486470097135,1.0,0.996,
34050.0,11T0-0000-1673-T,Diefflen - Uchtelfangen ELLBCH N ,22.161631761973183,3.0,0.959,
8180.0,11T0-0000-1673-T,Diefflen - Uchtelfangen ELLBCH N ,22.161631761973183,3.0,0.959,
8353.0,11T0-0000-0218-R,Y-Diefflen (-Ensdorf - Uchtelfangen) ENSDF S ,4.931173911662335,2.0,0.889,
8357.0,11T0-0000-1673-T,Diefflen - Uchtelfangen ELLBCH N ,22.161631761973183,3.0,0.959,
17731.0,11T0-0000-0511-X,Y-Uchtelfangen (-Diefflen - Ensdorf) ENSDF S ,22.59382541492454,1.0,0.747,
13220.0,11T0-0000-0253-Q,Eller - Opladen ELLER O,25.85694020262224,3.0,0.829,
13452.0,11T0-0000-0495-V,Eller - St. Peter ELLER W ,16.050046816847242,3.0,0.956,
33669.0,11T0-0000-0253-Q,Eller - Opladen ELLER O,25.85694020262224,3.0,0.829,
13223.0,11T0-0000-0253-Q,Eller - Opladen ELLER O,25.85694020262224,3.0,0.829,
13455.0,11T0-0000-0243-U,Eiberg - Garenfeld HERDEK N,46.17059717324737,6.0,2.596,
33668.0,11T0-0000-0495-V,Eller - St. Peter ELLER W ,16.050046816847242,3.0,0.956,
34018.0,11T0-0000-0495-V,Eller - St. Peter ELLER W ,16.050046816847242,3.0,0.956,
31433.0,11T0-0000-0259-8,Y-Elmenhorst (-Poeppinghausen - Ruhrzink) ELMENH S ,10.39606618189119,3.0,0.935,
34145.0,11T0-0000-0207-Y,Buescherhof - Hamborn EMSHER N ,10.39905244778177,1.0,0.719,
33629.0,11T-D2-D7-00002F,Hanekenfaehr - Doerpen/W EWBL,73.05039586943188,5.0,1.087,
8346.0,11T0-0000-1672-W,Diefflen - Ensdorf ENSDF N ,13.855696991851126,3.0,0.668,
17733.0,11T0-0000-0265-G,Y-Ensdorf (-Diefflen - Uchtelfangen) ENSDF S ,8.324883759630463,1.0,0.584,
8437.0,11T0-0000-0149-H,Bauler - Niederstedem ENZ N ,20.53209801215343,1.0,0.985,
3734.0,11T0-0000-0563-7,Y-Bischofsheim (-Buerstadt - Pfungstadt) RIED W ,25.50582796064837,2.0,0.942,
11750.0,11T0-0000-0560-G,Bischofsheim - Urberach ERZHAU N ,47.23063170189427,2.0,0.95,
33136.0,11T0-0000-0872-S,Pfungstadt - Urberach (NEU) GRIESH O ,34.7102652618115,2.0,0.925,
13208.0,11T0-0000-0763-Y,Buescherhof - Nordlicht ESSEN W ,14.611097828281546,6.0,0.925,
33666.0,11T0-0000-0763-Y,Buescherhof - Nordlicht ESSEN W ,14.611097828281546,6.0,0.925,
13206.0,11T0-0000-0763-Y,Buescherhof - Nordlicht ESSEN W ,14.611097828281546,6.0,0.925,
1648.0,11T0-0000-0763-Y,Buescherhof - Nordlicht ESSEN W ,14.611097828281546,6.0,0.925,
13205.0,11T0-0000-0681-0,Kusenhorst - Rosenblumendelle KUSENH ,40.97549643034854,7.0,0.949,
229.0,11T0-0000-0763-Y,Buescherhof - Nordlicht ESSEN W ,14.611097828281546,6.0,0.925,
14191.0,11T0-0000-1537-1,Y-Nordlicht (-Kusenhorst - Niederrhein) LIPPE S ,12.870524792004115,2.0,1.064,
33773.0,11T0-0000-1446-5,Y-Duelken (-Edelstahl - Utfort) UTFORT W ,22.93175844265381,1.0,0.938,
2411.0,11T0-0000-1447-2,Y-Edelstahl (-Duelken - Utfort) UTFORT W ,3.466618259448279,1.0,0.746,
13648.0,11T0-0000-0230-6,Duelken - Osterath FICHTH O ,34.45283117513817,3.0,0.926,
2415.0,11T0-0000-0237-M,Edelstahl - Osterath FICHTH W ,8.635141193643955,1.0,0.906,
13646.0,11T0-0000-0230-6,Duelken - Osterath FICHTH O ,34.45283117513817,3.0,0.926,
30401.0,11T0-0000-0233-Y,Bayer - Duennwald FLITTA O,11.64279751921626,3.0,0.837,
12702.0,11T0-0000-0233-Y,Bayer - Duennwald FLITTA O,11.64279751921626,3.0,0.837,
33458.0,11T0-0000-0425-M,Norf - Osterath ZONS W ,31.427160150281587,4.0,0.966,
33937.0,11T0-0000-1389-M,Y-Rommerskirchen (-Gohrpunkt - Osterath) FRIXHM N ,10.779785531168868,1.0,0.906,
16130.0,11T0-0000-0425-M,Norf - Osterath ZONS W ,31.427160150281587,4.0,0.966,
16131.0,11T0-0000-1462-9,Osterath - St. Peter ZONS O ,27.70804716975185,3.0,0.992,
16133.0,11T0-0000-1862-Q,Rommerskirchen - St Peter FRIXHM S ,19.937161279261822,3.0,0.906,
6016.0,11T0-0000-0425-M,Norf - Osterath ZONS W ,31.427160150281587,4.0,0.966,
16132.0,11T0-0000-1462-9,Osterath - St. Peter ZONS O ,27.70804716975185,3.0,0.992,
33708.0,11T0-0000-0608-B,Y-Geithe (-Lippborg - Uentrop) GEITHE W ,4.077504914384569,3.0,0.958,
13370.0,11T0-0000-0677-N,Y-Kruckel (-Lippborg - Uentrop) HAARST O ,53.30952443617186,6.0,0.97,
6293.0,11T0-0000-0677-N,Y-Kruckel (-Lippborg - Uentrop) HAARST O ,53.30952443617186,6.0,0.97,
16383.0,11T0-0000-0608-B,Y-Geithe (-Lippborg - Uentrop) GEITHE W ,4.077504914384569,3.0,0.958,
33540.0,11T0-0000-0712-K,Y-Lippborg (-Kruckel - Uentrop) HAARST O ,0.2767649089635594,1.0,1.559,
6292.0,11T0-0000-0868-E,Y-Uentrop (-Kruckel - Lippborg) HAARST O ,0.9878330767599304,1.0,0.855,
16460.0,11T0-0000-0866-K,Y-Uentrop (-Geithe - Lippborg) GEITHE W ,1.047815034225207,1.0,0.806,
34106.0,11T0-0000-0275-C,Gellep - Osterath GELLEP W ,9.20560610827938,1.0,0.945,
4546.0,11T0-0000-0729-W,Gersteinwerk - Mengede MENGED N ,34.728974720805326,6.0,0.931,
5464.0,11T0-0000-0941-1,Y-Gersteinwerk (-Guetersloh - Uentrop) GERSTE O ,12.44374843452866,2.0,1.001,
33244.0,11T0-0000-0941-1,Y-Gersteinwerk (-Guetersloh - Uentrop) GERSTE O ,12.44374843452866,2.0,1.001,
33921.0,11T0-0000-0943-W,Y-Guetersloh (-Gersteinwerk - Uentrop) GERSTE O ,43.87749550769605,2.0,0.963,
2839.0,11T0-0000-0943-W,Y-Guetersloh (-Gersteinwerk - Uentrop) GERSTE O ,43.87749550769605,2.0,0.963,
14025.0,11T0-0000-0867-H,Y-Uentrop (-Enniger - Guetersloh) GUETER S ,28.155964551967244,2.0,0.976,
2842.0,11T0-0000-0869-B,Y-Uentrop (-Gersteinwerk - Hanekenfaehr) UENTRO N ,14.8965415097294,1.0,0.948,
5461.0,11T0-0000-0840-9,Roxel - Uentrop UENTRO S ,56.61915570357285,3.0,0.966,
33889.0,11T0-0000-0755-W,Niederstedem - Osburg GILZEM O ,46.207446706576526,2.0,0.952,
13937.0,11T0-0000-0755-W,Niederstedem - Osburg GILZEM O ,46.207446706576526,2.0,0.952,
31795.0,11T0-0000-0169-9,Y-Bergmannsglueck (-Eiberg - Gelsenberg) GLADBK W ,7.953824610043739,2.0,0.981,
31797.0,11T0-0000-0246-L,Y-Eiberg (-Bergmannsglueck - Gelsenberg) GLADBK W ,14.713820691105711,2.0,0.909,
33884.0,11T0-0000-1395-U,Y-Sechtem (-Brauweiler - Bollenacker) GODORF O,6.836656148947743,1.0,1.191,
2713.0,11T0-0000-0311-6,Y-Hanekenfaehr (-Gronau - Kusenhorst) GRAFSH W ,56.67598832384586,2.0,0.884,
31816.0,11T0-0000-0311-6,Y-Hanekenfaehr (-Gronau - Kusenhorst) GRAFSH W ,56.67598832384586,2.0,0.884,
31815.0,11T0-0000-0344-M,Y-Kusenhorst (-Gronau - Hanekenfaehr) GRAFSH W ,65.75643132598701,1.0,0.907,
33520.0,11T0-0000-1402-X,Gremberghoven - Siegburg GREMBG W ,20.62669283020884,2.0,0.68,
33523.0,11T0-0000-1398-L,Y-Siegburg (-Gremberghoven - Stockem) GREMBG O ,8.4859833644106,1.0,0.385,
24120.0,11T0-0000-0872-S,Pfungstadt - Urberach (NEU) GRIESH O ,34.7102652618115,2.0,0.925,
3311.0,11T0-0000-0563-7,Y-Bischofsheim (-Buerstadt - Pfungstadt) RIED W ,25.50582796064837,2.0,0.942,
1700.0,11T0-0000-0617-A,Gronau - Hanekenfaehr GRONAU W ,46.60619286408437,3.0,0.99,
13250.0,11T0-0000-0643-A,Y-Hanekenfaehr (-Kottigerhook - Kusenhorst) MUENST ,50.13833596433797,4.0,0.954,
33674.0,11T0-0000-0617-A,Gronau - Hanekenfaehr GRONAU W ,46.60619286408437,3.0,0.99,
5241.0,11T0-0000-0625-C,Gundelfingen - Voehringen GUENZ N ,46.301485591378615,4.0,0.987,
15462.0,11T0-0000-0626-9,Gundelfingen - Voehringen GUENZ S ,46.18755970470573,4.0,0.989,
33125.0,11T0-0000-0625-C,Gundelfingen - Voehringen GUENZ N ,46.301485591378615,4.0,0.987,
33127.0,11T0-0000-0625-C,Gundelfingen - Voehringen GUENZ N ,46.301485591378615,4.0,0.987,
33807.0,11T0-0000-0677-N,Y-Kruckel (-Lippborg - Uentrop) HAARST O ,53.30952443617186,6.0,0.97,
33806.0,11T0-0000-0677-N,Y-Kruckel (-Lippborg - Uentrop) HAARST O ,53.30952443617186,6.0,0.97,
33709.0,11T0-0000-0677-N,Y-Kruckel (-Lippborg - Uentrop) HAARST O ,53.30952443617186,6.0,0.97,
80.0,11T0-0000-0677-N,Y-Kruckel (-Lippborg - Uentrop) HAARST O ,53.30952443617186,6.0,0.97,
1830.0,11T0-0000-0548-0,Kruckel - Unna SHWERT N ,29.240903553744715,3.0,0.938,
13378.0,11T0-0000-0607-E,Geithe - Unna HAARST W ,30.31446724332494,4.0,0.962,
2759.0,11T0-0000-0618-7,Gronau - Kusenhorst HAMALD ,64.08756975264032,2.0,0.942,
13960.0,11T0-0000-0643-A,Y-Hanekenfaehr (-Kottigerhook - Kusenhorst) MUENST ,50.13833596433797,4.0,0.954,
33899.0,11T0-0000-0618-7,Gronau - Kusenhorst HAMALD ,64.08756975264032,2.0,0.942,
10574.0,11T0-0000-0738-V,St. Barbara - Mittelbexbach HAGARD O ,1.33881001904916,3.0,0.983,
19645.0,11T0-0000-0739-S,St. Barbara - Mittelbexbach HAGARD W ,1.3838245448177973,3.0,0.951,
10571.0,11T0-0000-0738-V,St. Barbara - Mittelbexbach HAGARD O ,1.33881001904916,3.0,0.983,
19646.0,11T0-0000-0739-S,St. Barbara - Mittelbexbach HAGARD W ,1.3838245448177973,3.0,0.951,
10572.0,11T0-0000-0738-V,St. Barbara - Mittelbexbach HAGARD O ,1.33881001904916,3.0,0.983,
19647.0,11T0-0000-0739-S,St. Barbara - Mittelbexbach HAGARD W ,1.3838245448177973,3.0,0.951,
34154.0,11T0-0000-1409-C,Dauersberg - Setzer Wiese HELLER O ,47.50526955049438,3.0,0.954,
4605.0,11T0-0000-1409-C,Dauersberg - Setzer Wiese HELLER O ,47.50526955049438,3.0,0.954,
4598.0,11T0-0000-1409-C,Dauersberg - Setzer Wiese HELLER O ,47.50526955049438,3.0,0.954,
1669.0,11T0-0000-0243-U,Eiberg - Garenfeld HERDEK N,46.17059717324737,6.0,2.596,
33667.0,11T0-0000-0243-U,Eiberg - Garenfeld HERDEK N,46.17059717324737,6.0,2.596,
4847.0,11T0-0000-0702-O,Kriftel - Limburg HESSEN O ,57.29450625939017,3.0,0.925,
15118.0,11T0-0000-0671-4,Kelsterbach - Kriftel TREBUR N ,15.089967549241788,3.0,0.72,
5615.0,11T0-0000-0702-O,Kriftel - Limburg HESSEN O ,57.29450625939017,3.0,0.925,
5611.0,11T0-0000-0702-O,Kriftel - Limburg HESSEN O ,57.29450625939017,3.0,0.925,
15887.0,11T0-0000-0666-U,Koblenz - Limburg NASSAU ,52.57076411083021,2.0,0.983,
1787.0,11T0-0000-0346-G,Y-Kusenhorst (-Bellendorf - Bergmannsglück) POLSUM S ,10.493682000899904,3.0,0.824,
1501.0,11T0-0000-0340-Y,Kusenhorst - Poeppinghausen HOCHLR O ,28.106044130063385,3.0,0.792,
33656.0,11T0-0000-0340-Y,Kusenhorst - Poeppinghausen HOCHLR O ,28.106044130063385,3.0,0.792,
33658.0,11T0-0000-0340-Y,Kusenhorst - Poeppinghausen HOCHLR O ,28.106044130063385,3.0,0.792,
1507.0,11T0-0000-0183-J,Y-Bochum (-Kusenhorst - Poeppinghausen) HOCHLR W ,11.747051581910672,6.0,2.275,
1701.0,11T0-0000-0651-C,Eiberg - Huellen HUELLN W ,11.447691011399147,3.0,0.868,
13255.0,11T0-0000-0647-Z,Eiberg - Hattingen WEITMR W ,24.83060607356457,4.0,0.974,
32250.0,11T0-0000-0651-C,Eiberg - Huellen HUELLN W ,11.447691011399147,3.0,0.868,
31716.0,11T0-0000-0911-D,Ibbenbueren - Westerkappeln IBBENB S ,12.620839672672792,2.0,0.986,
33705.0,11T0-0000-0911-D,Ibbenbueren - Westerkappeln IBBENB S ,12.620839672672792,2.0,0.986,
33142.0,11T0-0000-0688-G,Lambsheim - Otterbach KAILAU S ,50.15398386056946,1.0,0.964,
5305.0,11T0-0000-0871-V,Dettingen - Urberach KARLST S ,20.704143499775867,1.0,0.932,
15567.0,11T-D2-D7-000318,Urberach - Grosskrotzenburg UN2,35.26300037369542,2.0,0.657,
989.0,11T0-0000-0414-T,Fuehlingen - Opladen KASSEL S ,4.758128077699329,1.0,0.52,
12709.0,11T0-0000-1867-B ,Y-Opladen (-Brauweiler - Rommerskirchen) STOMM N ,23.657919275281312,2.0,0.83,
4990.0,11T0-0000-0658-S,Bischofsheim - Kelsterbach KELSTB N ,20.31087344866276,3.0,0.939,
15115.0,11T0-0000-0670-7,Bischofsheim - Kriftel TREBUR S ,18.939433145676176,2.0,0.812,
33341.0,11T0-0000-0671-4,Kelsterbach - Kriftel TREBUR N ,15.089967549241788,3.0,0.72,
5630.0,11T0-0000-0671-4,Kelsterbach - Kriftel TREBUR N ,15.089967549241788,3.0,0.72,
10764.0,11T0-0000-0658-S,Bischofsheim - Kelsterbach KELSTB N ,20.31087344866276,3.0,0.939,
31443.0,11T0-0000-0915-1,Hattingen - Witten KEMNAD S ,17.471350860572596,2.0,1.012,
2263.0,11T0-0000-0915-1,Hattingen - Witten KEMNAD S ,17.471350860572596,2.0,1.012,
2322.0,11T0-0000-0678-K,Kruckel - Witten PERSEBEK ,8.58993597215701,2.0,0.976,
31890.0,11T0-0000-0918-T,Leupolz - Woringen KEMPTE O ,26.648738660654413,1.0,1.002,
33743.0,11T0-0000-0776-L,Oberzier - Siersdorf KIRCHB S ,24.210568754312582,2.0,0.982,
3586.0,11T0-0000-0776-L,Oberzier - Siersdorf KIRCHB S ,24.210568754312582,2.0,0.982,
33748.0,11T0-0000-0730-I,Kruckel - Mengede KIRCHL O ,16.57979277524028,1.0,0.831,
10832.0,11T0-0000-0897-5,Koblenz - Weissenthurm KOBLNZ N ,10.8423421594814,1.0,0.871,
21844.0,11T0-0000-0898-2,Koblenz - Weissenthurm METTER ,16.86577720462343,1.0,0.56,
31972.0,11T0-0000-0540-O,Wengerrohr - Weissenthurm KONDLW ,75.3895707509446,2.0,0.978,
33664.0,11T0-0000-0540-O,Wengerrohr - Weissenthurm KONDLW ,75.3895707509446,2.0,0.978,
15059.0,11T0-0000-0566-Z,Hoheneck - Rheinau KUGELB O ,84.85037677321445,1.0,0.991,
10858.0,11T0-0000-1421-S,Buerstadt - Rheinau KURPFA O ,27.01312539250949,1.0,0.984,
19873.0,11T0-0000-1422-P,Buerstadt - Rheinau KURPFA W ,26.999669750224253,1.0,0.984,
1650.0,11T0-0000-0680-3,Kusenhorst - Niederrhein LIPPE N ,37.12914120811032,2.0,0.927,
13196.0,11T0-0000-0681-0,Kusenhorst - Rosenblumendelle KUSENH ,40.97549643034854,7.0,0.949,
33665.0,11T0-0000-1537-1,Y-Nordlicht (-Kusenhorst - Niederrhein) LIPPE S ,12.870524792004115,2.0,1.064,
12737.0,11T0-0000-0681-0,Kusenhorst - Rosenblumendelle KUSENH ,40.97549643034854,7.0,0.949,
1458.0,11T0-0000-0314-Y,Hattingen - Laer LAER W ,19.974709033527304,2.0,0.744,
13040.0,11T0-0000-0320-5,Y-Hattingen (-Laer - Poeppinghausen) POEPPI O ,18.173994870762865,2.0,0.818,
33648.0,11T0-0000-0314-Y,Hattingen - Laer LAER W ,19.974709033527304,2.0,0.744,
15576.0,11T0-0000-0689-D,Lambsheim - Weingarten LAMBSH W ,31.886980215774585,2.0,0.958,
33170.0,11T0-0000-0689-D,Lambsheim - Weingarten LAMBSH W ,31.886980215774585,2.0,0.958,
33479.0,11T0-0000-0791-S,Linde - Opladen LEICHL O ,28.45864699873656,2.0,0.892,
2507.0,11T0-0000-0212-8,Dauersberg - Siegburg LEUSHD N ,51.7488708327,1.0,0.982,
13711.0,11T0-0000-0213-5,Dauersberg - Siegburg LEUSHD S ,51.7488708327,1.0,0.982,
1627.0,11T0-0000-0842-3,Liessem - Sechtem LIESSM O ,34.73715948347453,2.0,0.983,
13171.0,11T0-0000-0700-U,Liessem - Weissenthurm WTHURM O ,42.87168374121999,2.0,0.984,
13167.0,11T0-0000-0842-3,Liessem - Sechtem LIESSM O ,34.73715948347453,2.0,0.983,
33688.0,11T0-0000-1515-F,Dauersberg - Limburg LIMBG W ,46.51973915136267,4.0,0.984,
6075.0,11T0-0000-0994-9,Y-Dauersberg (-Asslar - Limburg) WESTW W1 ,18.744303540614865,3.0,0.972,
33687.0,11T0-0000-1515-F,Dauersberg - Limburg LIMBG W ,46.51973915136267,4.0,0.984,
6012.0,11T0-0000-0994-9,Y-Dauersberg (-Asslar - Limburg) WESTW W1 ,18.744303540614865,3.0,0.972,
5983.0,11T0-0000-1515-F,Dauersberg - Limburg LIMBG W ,46.51973915136267,4.0,0.984,
6569.0,11T0-0000-0994-9,Y-Dauersberg (-Asslar - Limburg) WESTW W1 ,18.744303540614865,3.0,0.972,
6079.0,11T0-0000-1515-F,Dauersberg - Limburg LIMBG W ,46.51973915136267,4.0,0.984,
16209.0,11T0-0000-0995-6,Y-Limburg (-Asslar - Dauersberg) WESTW W1 ,27.755130322582936,1.0,0.993,
33728.0,11T0-0000-0680-3,Kusenhorst - Niederrhein LIPPE N ,37.12914120811032,2.0,0.927,
34005.0,11T0-0000-0491-6,Spellen - Walsum LOENEN O ,13.818224816511336,2.0,0.857,
34004.0,11T0-0000-0491-6,Spellen - Walsum LOENEN O ,13.818224816511336,2.0,0.857,
33973.0,11T0-0000-0890-Q,Utfort - Walsum LOHHEI W ,9.3759747979069,1.0,0.973,
15685.0,11T0-0000-0722-G,Gundelfingen - Meitingen MEITGN S ,39.46041582516006,3.0,0.997,
4545.0,11T0-0000-0729-W,Gersteinwerk - Mengede MENGED N ,34.728974720805326,6.0,0.931,
14889.0,11T0-0000-0610-V,Gersteinwerk - Lippe WALTRO S ,24.07943893709569,4.0,0.953,
34135.0,11T0-0000-0729-W,Gersteinwerk - Mengede MENGED N ,34.728974720805326,6.0,0.931,
34178.0,11T0-0000-0729-W,Gersteinwerk - Mengede MENGED N ,34.728974720805326,6.0,0.931,
34176.0,11T0-0000-0729-W,Gersteinwerk - Mengede MENGED N ,34.728974720805326,6.0,0.931,
33624.0,11T-D2-D7-00002F,Hanekenfaehr - Doerpen/W EWBL,73.05039586943188,5.0,1.087,
31431.0,11T0-0000-0640-J,Hanekenfaehr - Meppen MEPPEN ,47.28218271947467,3.0,0.992,
33822.0,11T0-0000-0234-V,Duennwald - Gremberghoven MERHM O ,11.563058659405174,1.0,0.674,
33922.0,11T0-0000-0717-5,Meckenheim - Weissenthurm NETTE W ,41.204523183588805,1.0,0.917,
33950.0,11T0-0000-0370-M,Muendelheim - Utfort MUENDL N ,22.251574113910937,5.0,0.908,
1362.0,11T0-0000-0370-M,Muendelheim - Utfort MUENDL N ,22.251574113910937,5.0,0.908,
14097.0,11T0-0000-0368-2,Muendelheim - Uerdingen MUENDL S ,8.839162354560498,3.0,0.827,
1365.0,11T0-0000-0370-M,Muendelheim - Utfort MUENDL N ,22.251574113910937,5.0,0.908,
14099.0,11T0-0000-0368-2,Muendelheim - Uerdingen MUENDL S ,8.839162354560498,3.0,0.827,
1359.0,11T0-0000-0370-M,Muendelheim - Utfort MUENDL N ,22.251574113910937,5.0,0.908,
14092.0,11T0-0000-0113-A,Uerdingen - Utfort UERDIN W ,14.377064612017245,2.0,0.897,
2593.0,11T0-0000-0370-M,Muendelheim - Utfort MUENDL N ,22.251574113910937,5.0,0.908,
13803.0,11T0-0000-0113-A,Uerdingen - Utfort UERDIN W ,14.377064612017245,2.0,0.897,
32109.0,11T0-0000-0124-3,Amelsbueren - Muenster MUNSTR O ,3.5521329626578866,1.0,1.037,
33533.0,11T0-0000-0666-U,Koblenz - Limburg NASSAU ,52.57076411083021,2.0,0.983,
32256.0,11T0-0000-0477-X,Sechtem - Weissenthurm NETTE O ,63.19947841578709,2.0,0.959,
32255.0,11T0-0000-0477-X,Sechtem - Weissenthurm NETTE O ,63.19947841578709,2.0,0.959,
34028.0,11T0-0000-0750-A,Niederrhein - Walsum NRHEIN W ,19.07781214512022,3.0,0.849,
34031.0,11T0-0000-0750-A,Niederrhein - Walsum NRHEIN W ,19.07781214512022,3.0,0.849,
33974.0,11T0-0000-0750-A,Niederrhein - Walsum NRHEIN W ,19.07781214512022,3.0,0.849,
33558.0,11T0-0000-0641-G,Hanekenfaehr - Wehrendorf NSACHS S ,74.8063943339702,4.0,0.975,
34209.0,11T0-0000-0390-E,Niederstedem - Quint NSTEDM O ,26.562248610920285,2.0,0.968,
4955.0,11T0-0000-0390-E,Niederstedem - Quint NSTEDM O ,26.562248610920285,2.0,0.968,
5025.0,11T0-0000-0391-B,Niederstedem - Trier NSTEDM W ,23.577451130620656,3.0,0.937,
5015.0,11T0-0000-0391-B,Niederstedem - Trier NSTEDM W ,23.577451130620656,3.0,0.937,
33915.0,11T0-0000-0545-9,Ibbenbueren - Westerkappeln NIKE S ,13.362902272339849,2.0,1.001,
33916.0,11T0-0000-0537-7,Wehrendorf - Westerkappeln WIEHEN O ,62.234495598898704,3.0,0.617,
5692.0,11T0-0000-1445-8,Norf - St. Peter STUERZ O ,3.2824587121546034,1.0,0.875,
16127.0,11T0-0000-0497-P,Norf - St. Peter STUERZ W ,3.1970326195961096,1.0,0.898,
31962.0,11T0-0000-0496-S,Norf - St. Peter NORF W ,3.260074471260284,1.0,0.881,
33604.0,11T0-0000-1849-D,Y-Mettmann (-Ohligs - St Peter) OERKHS W,9.367173660816652,1.0,1.0,
33602.0,11T0-0000-1846-M,Eiberg - Mettmann RUHRTL W,29.88639982331476,1.0,0.979,
1129.0,11T0-0000-1487-N,Y-Opladen (-Eiberg - Ohligs) OERKHS O ,17.872752884466298,2.0,0.796,
12849.0,11T0-0000-1671-Z,Opladen - St. Peter RHFELD ,17.335737368747115,3.0,0.976,
33603.0,11T0-0000-1487-N,Y-Opladen (-Eiberg - Ohligs) OERKHS O ,17.872752884466298,2.0,0.796,
24462.0,11T0-0000-1852-U,Y-St Peter (-Ohligs - Mettmann) OERKHS W,20.37811836630809,3.0,0.865,
12847.0,11T0-0000-1852-U,Y-St Peter (-Ohligs - Mettmann) OERKHS W,20.37811836630809,3.0,0.865,
12994.0,11T0-0000-1671-Z,Opladen - St. Peter RHFELD ,17.335737368747115,3.0,0.976,
33641.0,11T0-0000-0793-M,Opladen - Rommerskirchen OPLADN N ,22.220414971617995,1.0,0.929,
34205.0,11T0-0000-0445-E,Quint - Uchtelfangen OSBURG ,72.08898015264062,2.0,0.967,
34206.0,11T0-0000-0445-E,Quint - Uchtelfangen OSBURG ,72.08898015264062,2.0,0.967,
32818.0,11T0-0000-1865-H ,Guetersloh - Hesseln OSNING O,20.089722915478717,1.0,0.983,
4992.0,11T0-0000-0359-3,BASF - Maximiliansau WEINGT,74.88129491952843,4.0,0.955,
15127.0,11T0-0000-1436-9,Y-Mutterstadt (-Homburg - Uchtelfangen) OTTERB S ,106.37276471278724,3.0,0.964,
34213.0,11T0-0000-1436-9,Y-Mutterstadt (-Homburg - Uchtelfangen) OTTERB S ,106.37276471278724,3.0,0.964,
15136.0,11T0-0000-1436-9,Y-Mutterstadt (-Homburg - Uchtelfangen) OTTERB S ,106.37276471278724,3.0,0.964,
15825.0,11T0-0000-0505-P,Y-Uchtelfangen (-Homburg - Mutterstadt) OTTERB S ,31.041223501434768,2.0,0.928,
34184.0,11T0-0000-0829-R,Paffendorf - Rommerskirchen PAFFEN N ,13.021088317119716,1.0,0.647,
33749.0,11T0-0000-0678-K,Kruckel - Witten PERSEBEK ,8.58993597215701,2.0,0.976,
33718.0,11T0-0000-0856-O,St. Peter - Rommerskirchen PETER S ,18.1847693905353,3.0,0.958,
33717.0,11T0-0000-0856-O,St. Peter - Rommerskirchen PETER S ,18.1847693905353,3.0,0.958,
33713.0,11T0-0000-0385-3,Niederrhein - Pfalzdorf PFALZD N ,43.92259146774314,1.0,0.852,
33845.0,11T0-0000-0444-H,Y-Poeppinghausen (-Hattingen - Laer) POEPPI O ,13.027001162719156,1.0,0.906,
32957.0,11T0-0000-0170-W,Y-Bergmannsglueck (-Bellendorf - Kusenhorst) POLSUM S ,1.3552601790178782,1.0,1.036,
538.0,11T0-0000-0166-I,Bergmannsglueck - Niederrhein SHERMB N ,32.5422038145294,3.0,0.993,
1786.0,11T0-0000-0346-G,Y-Kusenhorst (-Bellendorf - Bergmannsglück) POLSUM S ,10.493682000899904,3.0,0.824,
547.0,11T0-0000-0346-G,Y-Kusenhorst (-Bellendorf - Bergmannsglück) POLSUM S ,10.493682000899904,3.0,0.824,
9109.0,11T0-0000-0166-I,Bergmannsglueck - Niederrhein SHERMB N ,32.5422038145294,3.0,0.993,
15517.0,11T0-0000-0806-7,Mittelbexbach - Otterbach RAMSTE S ,40.55506550451456,2.0,0.969,
15516.0,11T0-0000-0806-7,Mittelbexbach - Otterbach RAMSTE S ,40.55506550451456,2.0,0.969,
8084.0,11T0-0000-0531-P,Ratsbusch - Wambel RA WA N,1.7710534374690514,1.0,0.9,
18274.0,11T0-0000-1438-3,Ratsbusch - Wambel RA WA S,1.7710534374690514,1.0,0.9,
33448.0,11T0-0000-0958-D,Y-Mengede (-Huellen - Kusenhorst) WESTFL W ,17.764279011936537,3.0,0.832,
24467.0,11T0-0000-1496-M,Emscherbruch - Mengede RECKLI N ,15.100566316109838,2.0,0.831,
33445.0,11T0-0000-0958-D,Y-Mengede (-Huellen - Kusenhorst) WESTFL W ,17.764279011936537,3.0,0.832,
33133.0,11T0-0000-0573-3,Y-Buerstadt (-Bischofsheim - Pfungstadt) RIED W ,30.48220431325139,3.0,0.962,
3306.0,11T0-0000-0573-3,Y-Buerstadt (-Bischofsheim - Pfungstadt) RIED W ,30.48220431325139,3.0,0.962,
11204.0,11T0-0000-0816-3,Buerstadt - Pfungstadt RIED O ,30.783821996935632,3.0,0.953,
3304.0,11T0-0000-0573-3,Y-Buerstadt (-Bischofsheim - Pfungstadt) RIED W ,30.48220431325139,3.0,0.962,
11205.0,11T0-0000-0816-3,Buerstadt - Pfungstadt RIED O ,30.783821996935632,3.0,0.953,
33546.0,11T0-0000-0458-1,Brauweiler - Rommerskirchen ROKI O ,11.585248964332038,1.0,1.014,
2526.0,11T0-0000-0930-8,Y-Hanekenfaehr (-Oechtel - Roxel) ROXEL O ,19.370846393894805,3.0,1.007,
13717.0,11T0-0000-0644-7,Y-Hanekenfaehr (-Gersteinwerk - Uentrop) UENTRO N ,103.81483427288322,5.0,0.979,
28.0,11T0-0000-0932-2,Y-Roxel (-Hanekenfaehr - Oechtel) ROXEL O ,50.94445463663375,2.0,0.983,
13715.0,11T0-0000-0840-9,Roxel - Uentrop UENTRO S ,56.61915570357285,3.0,0.966,
33802.0,11T0-0000-0932-2,Y-Roxel (-Hanekenfaehr - Oechtel) ROXEL O ,50.94445463663375,2.0,0.983,
33663.0,11T0-0000-0744-2,Nehden - Uentrop SAUERL N ,115.50787466324708,2.0,0.976,
31749.0,11T0-0000-0166-I,Bergmannsglueck - Niederrhein SHERMB N ,32.5422038145294,3.0,0.993,
33714.0,11T0-0000-0516-I,FWH-S - Urberach SHWANH O ,65.37747217287688,2.0,0.483,
10483.0,11T0-0000-0516-I,FWH-S - Urberach SHWANH O ,65.37747217287688,2.0,0.483,
33592.0,11T0-0000-0781-W,Y-Oberzier (-Paffendorf - Sechtem) SECHTM N ,15.99699577701836,1.0,0.978,
33593.0,11T0-0000-0814-9,Y-Paffendorf (-Oberzier - Sechtem) SECHTM N ,10.78957268774424,1.0,0.974,
72.0,11T0-0000-0849-J,Y-Sechtem (-Oberzier - Paffendorf) SECHTM S ,29.007236047822985,2.0,0.973,
12818.0,11T0-0000-0848-M,Y-Sechtem (-Oberzier - Paffendorf) SECHTM N ,29.00277327046151,2.0,0.973,
33594.0,11T0-0000-0849-J,Y-Sechtem (-Oberzier - Paffendorf) SECHTM S ,29.007236047822985,2.0,0.973,
1571.0,11T0-0000-0783-Q,Y-Oberzier (-Dahlem - Rommersheim) SELHN O ,60.58262208032897,1.0,0.989,
13169.0,11T0-0000-0784-N,Y-Oberzier (-Dahlem - Niederstedem) SELHN W ,60.59409063170105,1.0,0.989,
1619.0,11T0-0000-0762-0,Y-Niederstedem (-Dahlem - Oberzier) SELHN W ,58.2766586928495,1.0,0.99,
33837.0,11T0-0000-0586-R,Dauersberg - Sechtem SIEGTA N ,68.38949944063098,2.0,0.88,
33840.0,11T0-0000-0586-R,Dauersberg - Sechtem SIEGTA N ,68.38949944063098,2.0,0.88,
15618.0,11T0-0000-0973-K,Bacharach - Weissenthurm SOONWD O ,50.08749433047221,2.0,0.961,
15620.0,11T0-0000-0901-H,Waldlaubersheim - Weissenthurm SOONWD W ,65.48720731345387,3.0,0.969,
5574.0,11T0-0000-0973-K,Bacharach - Weissenthurm SOONWD O ,50.08749433047221,2.0,0.961,
15849.0,11T0-0000-0901-H,Waldlaubersheim - Weissenthurm SOONWD W ,65.48720731345387,3.0,0.969,
5364.0,11T0-0000-0901-H,Waldlaubersheim - Weissenthurm SOONWD W ,65.48720731345387,3.0,0.969,
15619.0,11T0-0000-0976-B,Y-Bacharach (-Buerstadt - Waldlaubersheim) WONNEG O ,15.38224513696935,1.0,0.995,
31880.0,11T0-0000-0387-Y,Niederrhein - Spellen SPELLN S ,7.509718864327973,1.0,0.852,
33572.0,11T0-0000-0267-A,Fuehlingen - Rommerskirchen STOMM S ,19.004031118821803,1.0,0.902,
34040.0,11T0-0000-0364-E,Gellep - Muendelheim STRATM W ,5.735861126429679,1.0,0.892,
32112.0,11T0-0000-0604-N,Ensdorf - Uchtelfangen TAUBNT N ,23.537387029267897,1.0,0.986,
31719.0,11T0-0000-0030-G,Kriftel - Frankfurt TAUNUS 2    ,4.9677456392425405,2.0,2.999,
34116.0,11T0-0000-0030-G,Kriftel - Frankfurt TAUNUS 2    ,4.9677456392425405,2.0,2.999,
32214.0,11T0-0000-0880-U,Y-Utfort (-Osterath - Selbeck) TOESEE W ,28.24770868121825,3.0,2.105,
33873.0,11T0-0000-0880-U,Y-Utfort (-Osterath - Selbeck) TOESEE W ,28.24770868121825,3.0,2.105,
31853.0,11T0-0000-0880-U,Y-Utfort (-Osterath - Selbeck) TOESEE W ,28.24770868121825,3.0,2.105,
1776.0,11T0-0000-0486-W,Sechtem - Siegburg TROISD O ,17.152328396345904,1.0,0.951,
13293.0,11T0-0000-0487-T,Sechtem - Siegburg TROISD W ,17.141192187555376,1.0,0.952,
33890.0,11T0-0000-0798-7,Osburg - Uchtelfangen UCHTLF O ,49.14098084726484,1.0,0.967,
33281.0,11T0-0000-0840-9,Roxel - Uentrop UENTRO S ,56.61915570357285,3.0,0.966,
33835.0,11T0-0000-1449-X,Y-Utfort (-Duelken - Edelstahl) UTFORT W ,21.59137558898057,3.0,0.961,
30242.0,11T0-0000-1449-X,Y-Utfort (-Duelken - Edelstahl) UTFORT W ,21.59137558898057,3.0,0.961,
7490.0,11T0-0000-0831-A,Rommerskirchen - Sechtem VILLE O ,34.14245197095014,2.0,0.959,
32812.0,11T0-0000-1011-F,Rommerskirchen - Sechtem VILLE W ,34.159885441889855,2.0,0.959,
31696.0,11T0-0000-0883-L,Voehringen - Woringen VOEHRG O ,47.45443167870948,1.0,0.995,
32015.0,11T0-0000-0663-2,Knapsack - Sechtem WABERG W ,13.006822021094129,2.0,0.983,
14383.0,11T0-0000-1457-Z,Y-Walsum (-Hamborn - Schwelgern) WALSUM N ,1.7944802763378835,2.0,0.905,
14437.0,11T0-0000-0529-5,Y-Walsum (-Hamborn - Schwelgern) WALSUM S ,1.520558696705368,2.0,1.068,
1145.0,11T0-0000-1457-Z,Y-Walsum (-Hamborn - Schwelgern) WALSUM N ,1.7944802763378835,2.0,0.905,
14384.0,11T0-0000-0529-5,Y-Walsum (-Hamborn - Schwelgern) WALSUM S ,1.520558696705368,2.0,1.068,
34008.0,11T0-0000-1455-4,Y-Hamborn (-Schwelgern - Walsum) WALSUM N ,4.73111512661592,1.0,0.995,
1432.0,11T0-0000-1456-1,Y-Schwelgern (-Hamborn - Walsum) WALSUM N ,1.5665503901133648,3.0,1.985,
14378.0,11T0-0000-0471-E,Y-Schwelgern (-Hamborn - Walsum) WALSUM S ,1.8298804542953016,3.0,1.7,
1234.0,11T0-0000-1456-1,Y-Schwelgern (-Hamborn - Walsum) WALSUM N ,1.5665503901133648,3.0,1.985,
14388.0,11T0-0000-0471-E,Y-Schwelgern (-Hamborn - Walsum) WALSUM S ,1.8298804542953016,3.0,1.7,
34007.0,11T0-0000-1456-1,Y-Schwelgern (-Hamborn - Walsum) WALSUM N ,1.5665503901133648,3.0,1.985,
34134.0,11T0-0000-0287-2,Gersteinwerk - Wambel WAMBEL O ,25.52696844103306,1.0,0.988,
5647.0,11T0-0000-0359-3,BASF - Maximiliansau WEINGT,74.88129491952843,4.0,0.955,
5648.0,11T0-0000-0359-3,BASF - Maximiliansau WEINGT,74.88129491952843,4.0,0.955,
1626.0,11T0-0000-0700-U,Liessem - Weissenthurm WTHURM O ,42.87168374121999,2.0,0.984,
31767.0,11T0-0000-0647-Z,Eiberg - Hattingen WEITMR W ,24.83060607356457,4.0,0.974,
31776.0,11T0-0000-0647-Z,Eiberg - Hattingen WEITMR W ,24.83060607356457,4.0,0.974,
2518.0,11T0-0000-0184-G,Y-Bochum (-Hattingen - Welper) WELPER O ,6.913295027503077,2.0,0.993,
31805.0,11T0-0000-0184-G,Y-Bochum (-Hattingen - Welper) WELPER O ,6.913295027503077,2.0,0.993,
31804.0,11T0-0000-0321-2,Y-Hattingen (-Bochum - Welper) WELPER O ,5.328772746353065,1.0,1.021,
2511.0,11T0-0000-0542-I,Y-Welper (-Bochum - Hattingen) WELPER O ,1.6774175980420547,1.0,1.017,
31942.0,11T0-0000-0394-2,Niederstedem - Wengerrohr WENGER ,40.28588948289653,1.0,0.969,
31927.0,11T0-0000-0281-K,Amelsbueren - Gersteinwerk WERSE W ,28.19431070167288,1.0,0.998,
31888.0,11T0-0000-0389-S,Y-Niederrhein (-Ossenberg - Utfort) WESEL O,11.045667686704157,1.0,1.002,
31633.0,11T0-0000-0423-S,Y-Ossenberg (-Niederrhein - Utfort) WESEL O,5.485744673377751,1.0,0.997,
31887.0,11T0-0000-0523-N,Y-Utfort (-Ossenberg - Niederrhein) WESEL O,9.279528649882115,1.0,0.999,
439.0,11T0-0000-0958-D,Y-Mengede (-Huellen - Kusenhorst) WESTFL W ,17.764279011936537,3.0,0.832,
12198.0,11T0-0000-1497-J,Emscherbruch - Kusenhorst WEHOLT O ,20.570195609415837,3.0,0.94,
12207.0,11T0-0000-0959-A,Y-Kusenhorst (-Huellen - Mengede) WESTFL W ,18.373521620382803,2.0,0.931,
30202.0,11T0-0000-1497-J,Emscherbruch - Kusenhorst WEHOLT O ,20.570195609415837,3.0,0.94,
33449.0,11T0-0000-0959-A,Y-Kusenhorst (-Huellen - Mengede) WESTFL W ,18.373521620382803,2.0,0.931,
32043.0,11T0-0000-0714-E,Luestringen - Westerkappeln WESTER N ,18.897466832510908,1.0,0.987,
32039.0,11T0-0000-0537-7,Wehrendorf - Westerkappeln WIEHEN O ,62.234495598898704,3.0,0.617,
33427.0,11T0-0000-1238-D,Y-Asslar (-Dauersberg - Limburg) WESTW W1    ,18.05428813318373,1.0,1.857,
31789.0,11T0-0000-0960-X,Y-Huellen (-Kusenhorst - Mengede) WESTFL W ,4.613021944708656,1.0,0.824,
5367.0,11T0-0000-0885-F,Buerstadt - Waldlaubersheim WONNEG W,59.05885978262683,2.0,0.981,
4769.0,11T0-0000-0885-F,Buerstadt - Waldlaubersheim WONNEG W,59.05885978262683,2.0,0.981,
20823.0,11T0-0000-0977-8,Y-Buerstadt (-Bacharach - Waldlaubersheim) WONNEG O ,59.024433163681294,2.0,0.981,
23700.0,11TD2L000000003L,Altheim - Sittling 219,45.61637,2.0,1.018,
23771.0,11TD2L000000004J,Altheim - Sittling 220,45.58,2.0,1.019,
7240.0,11TD2L000000003L,Altheim - Sittling 219,45.61637,2.0,1.018,
7158.0,11T0-0000-0984-D,Y-Simbach (-Altheim - St. Peter) 233/230,70.705,3.0,0.994,
17008.0,11T0-0000-0986-7,Y-Simbach (-Altheim - St. Peter) 234/230,70.29567,3.0,1.0,
17007.0,11T0-0000-0984-D,Y-Simbach (-Altheim - St. Peter) 233/230,70.705,3.0,0.994,
16831.0,11TD2L000000201H,Pirach - Pleinting 257,86.119,4.0,0.996,
16833.0,11T0-0000-0984-D,Y-Simbach (-Altheim - St. Peter) 233/230,70.705,3.0,0.994,
33409.0,11TD2L000000238V,Wahle - Algermissen 2,33.423,2.0,0.97,
3996.0,11TD2L000000238V,Wahle - Algermissen 2,33.423,2.0,0.97,
12102.0,11TD2L000000246W,Wahle - Klein Ilsede 3,9.208,1.0,0.997,
34108.0,11T0-0000-0044-0,Aschaffenburg - Bergrheinfeld/W 418,83.613,1.0,0.995,
18211.0,11TD2L0000000099,Audorf - Audorf/S 421,0.35,1.0,1.325,
34221.0,11T0-0000-0039-Q,Audorf/S - Kummerfeld schwarz,85.428,2.0,0.973,
34262.0,11T0-0000-0039-Q,Audorf/S - Kummerfeld schwarz,85.428,2.0,0.973,
32114.0,11TD2L000000249Q,Wilster/W - Audorf/S blau,50.874,1.0,0.999,
9372.0,11T0-0000-1516-C,Audorf/S - Handewitt gruen,67.05453,2.0,0.993,
18744.0,11T0-0000-1517-9,Audorf/S - Handewitt blau,67.055,2.0,0.993,
33911.0,11T0-0000-1472-5,Schuby/W - Handewitt gelb,26.8,2.0,1.004,
33169.0,11T0-0000-1471-8,Schuby/W - Handewitt rot,26.8,2.0,1.004,
5143.0,11TD2L0000000625,Bechterdissen - Eickum 1,14.939,3.0,1.001,
8034.0,11T0-0000-1548-V,Bechterdissen - Eickum 3,15.105,3.0,0.99,
30584.0,11TD2L0000000625,Bechterdissen - Eickum 1,14.939,3.0,1.001,
30583.0,11TD2L0000000625,Bechterdissen - Eickum 1,14.939,3.0,1.001,
34065.0,11TD2L000000356P,Bechterdissen - Veltheim A01,34.222,2.0,0.927,
17772.0,11TD2L000000356P,Bechterdissen - Veltheim A01,34.222,2.0,0.927,
18192.0,11TD2L0000003411,Veltheim - Bechterdissen A07,31.803,2.0,0.997,
7799.0,11TD2L0000003055,Bechterdissen - Lage A03,12.031,2.0,1.006,
17775.0,11TD2L0000003403,Veltheim - Lage A06,40.702,2.0,0.996,
33882.0,11TD2L000000262Y,Bergshausen - Borken 2,29.726,1.0,0.999,
7053.0,11T0-0000-1039-K,Y-Voerden (-Bergshausen - Grohnde) 1,79.697,3.0,0.984,
7050.0,11T0-0000-1039-K,Y-Voerden (-Bergshausen - Grohnde) 1,79.697,3.0,0.984,
34170.0,11T0-0000-1039-K,Y-Voerden (-Bergshausen - Grohnde) 1,79.697,3.0,0.984,
33776.0,11TD2L0000000285,Borken - Giessen/N 1,72.369,3.0,0.98,
16972.0,11TD2L0000000285,Borken - Giessen/N 1,72.369,3.0,0.98,
33778.0,11TD2L0000000285,Borken - Giessen/N 1,72.369,3.0,0.98,
33403.0,11TD2L000000031G,Borken - Mecklar 2,40.855,2.0,0.968,
33404.0,11TD2L000000031G,Borken - Mecklar 2,40.855,2.0,0.968,
3708.0,11TD2L0000000439,Buettel - Wilster/W gelb,9.312,2.0,0.979,
11814.0,11TD2L0000000447,Buettel - Wilster/W rot,9.252,2.0,0.985,
3784.0,11TD2L0000000374,Brunsbuettel - Buettel blau,5.331,2.0,0.881,
11818.0,11TD2L0000000382,Brunsbuettel - Buettel gruen,5.38,2.0,0.872,
33567.0,11TD2L0000000463,Conneforde - Cloppenburg/O rot,55.751,1.0,0.991,
33277.0,11TD2L0000000471,Conneforde - Diele rot,56.633,1.0,1.001,
33453.0,11T0-0000-1489-H,Fedderwarden - Conneforde/O gruen,34.94,5.0,0.801,
9956.0,11T0-0000-1489-H,Fedderwarden - Conneforde/O gruen,34.94,5.0,0.801,
9997.0,11T0-0000-1488-K,Fedderwarden - Conneforde/O gelb,34.939,5.0,0.801,
9952.0,11T0-0000-1489-H,Fedderwarden - Conneforde/O gruen,34.94,5.0,0.801,
19160.0,11T0-0000-1488-K,Fedderwarden - Conneforde/O gelb,34.939,5.0,0.801,
9954.0,11T0-0000-1489-H,Fedderwarden - Conneforde/O gruen,34.94,5.0,0.801,
9999.0,11T0-0000-1488-K,Fedderwarden - Conneforde/O gelb,34.939,5.0,0.801,
9950.0,11T0-0000-1489-H,Fedderwarden - Conneforde/O gruen,34.94,5.0,0.801,
19155.0,11T0-0000-1488-K,Fedderwarden - Conneforde/O gelb,34.939,5.0,0.801,
34207.0,11T0-0000-1614-D,Conneforde - Fedderwarden blau,28.877,1.0,0.967,
31782.0,11TD2L0000002350,Unterweser - Conneforde rot,31.636,1.0,1.008,
10294.0,11T0-0000-1678-E,Conneforde/O - Emden/O blau,65.59024000000001,7.0,0.89,
10841.0,11TD2L0000002342,Conneforde/O - Unterweser gelb,31.538,2.0,1.024,
31818.0,11TD2L0000002342,Conneforde/O - Unterweser gelb,31.538,2.0,1.024,
4782.0,11TD2L0000000536,Diele - Doerpen/W gelb,18.356,2.0,0.999,
15473.0,11T0-0000-1018-V,Y-Rhede (-Diele - Doerpen/W) schwarz,13.119,1.0,0.989,
33131.0,11TD2L0000000536,Diele - Doerpen/W gelb,18.356,2.0,0.999,
33919.0,11TD2L000000337T,Dipperz - Grosskrotzenburg 2,89.153,2.0,0.987,
7531.0,11TD2L000000006F,Aschaffenburg - Grosskrotzenburg 412,29.834,3.0,0.978,
17414.0,11T0-0000-0045-Y,Bergrheinfeld/W - Grosskrotzenburg 417,112.758,4.0,0.996,
8444.0,11T0-0000-1114-1,Y-Alfstedt (-Dollern - Elsfleth/W) schwarz,32.344,1.0,0.995,
17844.0,11T0-0000-1070-V,Y-Alfstedt (-Dollern - Farge) blau,32.336,1.0,0.996,
34160.0,11TD2L000000335X,Bechterdissen - Elsen 2,31.945,1.0,0.954,
33144.0,11TD2L0000002318,Elsen - Twistetal 2,54.192,2.0,0.977,
3326.0,11TD2L0000002318,Elsen - Twistetal 2,54.192,2.0,0.977,
11235.0,11TD2L0000002326,Elsen - Twistetal 1,54.194,2.0,0.977,
7200.0,11TD2L000000085U,Grafenrheinfeld - Oberhaid 423,49.557,3.0,0.968,
17059.0,11TD2L000000088O,Eltmann - Redwitz 428,58.27267,3.0,0.968,
33903.0,11TD2L000000197J,Oberhaid - Redwitz 435,43.33,2.0,0.977,
33902.0,11TD2L000000197J,Oberhaid - Redwitz 435,43.33,2.0,0.977,
3665.0,11T0-0000-1003-D,Elsfleth/W - Niedervieland gruen,30.638,2.0,0.956,
11677.0,11T0-0000-0982-J,Elsfleth/W - Ganderkesee rot,29.392,2.0,0.959,
33263.0,11T0-0000-1003-D,Elsfleth/W - Niedervieland gruen,30.638,2.0,0.956,
34114.0,11T0-0000-1005-7,Elsfleth/W - Farge gruen,9.5,2.0,0.856,
8445.0,11T0-0000-1005-7,Elsfleth/W - Farge gruen,9.5,2.0,0.856,
17850.0,11T0-0000-1068-B,Y-Alfstedt (-Farge - Dollern) blau,58.771,2.0,1.004,
11675.0,11T0-0000-0982-J,Elsfleth/W - Ganderkesee rot,29.392,2.0,0.959,
11807.0,11TD2L000000074Z,Ganderkesee - Niedervieland schwarz,15.065,2.0,1.008,
21510.0,11T0-0000-1095-8,Y-Emden/O (-Emden/Borssum - Conneforde) schwarz,1.07,1.0,1.262,
6502.0,11T0-0000-1099-X,Y-Emden/O (-Emden/Borssum - Conneforde) weiss,1.068,1.0,1.264,
33781.0,11T0-0000-1677-H,Conneforde - Emden/O gelb,65.03183,6.0,0.889,
10692.0,11T0-0000-1677-H,Conneforde - Emden/O gelb,65.03183,6.0,0.889,
10698.0,11T0-0000-1678-E,Conneforde/O - Emden/O blau,65.59024000000001,7.0,0.89,
33783.0,11T0-0000-1677-H,Conneforde - Emden/O gelb,65.03183,6.0,0.889,
10689.0,11T0-0000-1677-H,Conneforde - Emden/O gelb,65.03183,6.0,0.889,
10697.0,11T0-0000-1678-E,Conneforde/O - Emden/O blau,65.59024000000001,7.0,0.89,
10598.0,11T0-0000-1677-H,Conneforde - Emden/O gelb,65.03183,6.0,0.889,
19774.0,11T0-0000-1678-E,Conneforde/O - Emden/O blau,65.59024000000001,7.0,0.89,
19773.0,11T0-0000-1677-H,Conneforde - Emden/O gelb,65.03183,6.0,0.889,
6397.0,11T0-0000-1035-W,Y-Erzhausen (-Erzhausen - Godenau - Hardegsen - Goettingen) 3,5.2,1.0,1.006,
16583.0,11T0-0000-1110-D,Y-Erzhausen (-Erzhausen - Hardegsen - Lehrte) 2,5.196,1.0,1.007,
33888.0,11T0-0000-0103-E,Etzenricht - Mechlenreuth 437,88.228,1.0,0.992,
7620.0,11TD2L000000176R,Etzenricht - Schwandorf 248,44.177,2.0,0.966,
31704.0,11TD2L000000176R,Etzenricht - Schwandorf 248,44.177,2.0,0.966,
34080.0,11T0-0000-1068-B,Y-Alfstedt (-Farge - Dollern) blau,58.771,2.0,1.004,
4965.0,11T0-0000-1615-A,Fedderwarden - Maade weiss,5.169,1.0,0.912,
15062.0,11T0-0000-1616-7,Fedderwarden - Maade schwarz,5.17,1.0,0.912,
8403.0,11T0-0000-1042-0,Y-Doernigheim (-Frankfurt/N - Grosskrotzenburg) 1,12.944,1.0,0.952,
17794.0,11T0-0000-1045-S,Y-Doernigheim (-Frankfurt/N - Grosskrotzenburg) 2,12.944,1.0,0.952,
33590.0,11TD2L000000076V,Giessen/N - Dillenburg 3,37.837,2.0,0.934,
34098.0,11TD2L000000076V,Giessen/N - Dillenburg 3,37.837,2.0,0.934,
34076.0,11T0-0000-0055-U,Giessen/N - Karben 1,50.704,1.0,0.955,
17413.0,11TD2L000000006F,Aschaffenburg - Grosskrotzenburg 412,29.834,3.0,0.978,
30509.0,11T0-0000-0045-Y,Bergrheinfeld/W - Grosskrotzenburg 417,112.758,4.0,0.996,
8622.0,11TD2L000000006F,Aschaffenburg - Grosskrotzenburg 412,29.834,3.0,0.978,
18030.0,11T0-0000-0045-Y,Bergrheinfeld/W - Grosskrotzenburg 417,112.758,4.0,0.996,
32825.0,11TD2L000000101L,Grosskrotzenburg - Frankfurt/N 3,21.607,3.0,1.018,
32915.0,11T0-0000-1043-Y,Y-Doernigheim (-Grosskrotzenburg - Frankfurt/N) 2,8.731,2.0,1.107,
34071.0,11TD2L000000101L,Grosskrotzenburg - Frankfurt/N 3,21.607,3.0,1.018,
34016.0,11TD2L000000103H,Grosskrotzenburg - Trennfeld 217,75.85,3.0,1.008,
7808.0,11TD2L0000002075,Raitersaich - Trennfeld 211,229.808,2.0,0.494,
17621.0,11TD2L000000103H,Grosskrotzenburg - Trennfeld 217,75.85,3.0,1.008,
33723.0,11TD2L000000359J,Bergrheinfeld/W - Grafenrheinfeld 427,3.157,1.0,0.89,
7203.0,11TD2L000000085U,Grafenrheinfeld - Oberhaid 423,49.557,3.0,0.968,
8014.0,11TD2L0000000641,Eltmann - Grafenrheinfeld 422,35.447,2.0,0.956,
33794.0,11TD2L000000085U,Grafenrheinfeld - Oberhaid 423,49.557,3.0,0.968,
34163.0,11TD2L000000087Q,Grafenrheinfeld - Raitersaich 434,88.028,2.0,0.995,
34224.0,11TD2L0000001354,Klein Ilsede - Grohnde 1,78.837,3.0,0.977,
5041.0,11TD2L000000002N,Algermissen - Grohnde 2,53.793,2.0,1.0,
5020.0,11TD2L0000001354,Klein Ilsede - Grohnde 1,78.837,3.0,0.977,
15161.0,11TD2L000000002N,Algermissen - Grohnde 2,53.793,2.0,1.0,
33282.0,11TD2L0000001087,Hamburg/N - Luebeck rot,48.772,4.0,1.067,
34254.0,11TD2L000000105D,Hamburg/N - Brokdorf blau,49.118,3.0,1.065,
33398.0,11TD2L000000105D,Hamburg/N - Brokdorf blau,49.118,3.0,1.065,
33399.0,11TD2L000000106B,Hamburg/N - Itzehoe/W rot,51.81,3.0,1.06,
10964.0,11T0-0000-1472-5,Schuby/W - Handewitt gelb,26.8,2.0,1.004,
19975.0,11T0-0000-1471-8,Schuby/W - Handewitt rot,26.8,2.0,1.004,
6399.0,11TD2L0000000803,Goettingen - Hardegsen 3,15.462,1.0,0.989,
16598.0,11T0-0000-0997-0,Hardegsen - Goettingen 1,15.203,1.0,1.006,
33599.0,11T0-0000-1111-A,Y-Erzhausen (-Hardegsen - Lehrte) 2,30.599,1.0,0.974,
34078.0,11TD2L000000245Y,Wahle - Helmstedt 1,62.318,3.0,1.003,
3816.0,11TD2L000000245Y,Wahle - Helmstedt 1,62.318,3.0,1.003,
11856.0,11TD2L0000002431,Wahle - Hattorf 2,36.185,2.0,1.009,
33316.0,11TD2L000000245Y,Wahle - Helmstedt 1,62.318,3.0,1.003,
33895.0,11T0-0000-0971-Q,Suederdonn - Heide/W blau,22.621,2.0,0.97,
33894.0,11T0-0000-0971-Q,Suederdonn - Heide/W blau,22.621,2.0,0.97,
10987.0,11TD2L0000002148,Siems - Herrenwyk/Baltic Cable gelb,3.479,1.0,0.816,
33830.0,11T0-0000-1635-2,Heide/W - Husum/N weiss,45.842,2.0,1.002,
33831.0,11T0-0000-1635-2,Heide/W - Husum/N weiss,45.842,2.0,1.002,
32216.0,11TD2L0000001168,Ingolstadt - Raitersaich 266,92.944,1.0,0.998,
3742.0,11TD2L000000168Q,Maade - Inhausen schwarz,8.361,2.0,0.907,
11759.0,11TD2L000000237X,Voslapp - Inhausen rot,2.524,1.0,0.753,
33233.0,11TD2L000000168Q,Maade - Inhausen schwarz,8.361,2.0,0.907,
7279.0,11TD2L000000121F,Irsching - Raitersaich 425,100.789,2.0,1.001,
32029.0,11TD2L000000121F,Irsching - Raitersaich 425,100.789,2.0,1.001,
32062.0,11TD2L0000001192,Irsching - Ottenhofen 421,76.162,2.0,0.994,
3206.0,11TD2L0000001192,Irsching - Ottenhofen 421,76.162,2.0,0.994,
3409.0,11TD2L000000196L,Oberbachern - Ottenhofen 462,44.118,2.0,0.946,
7261.0,11TD2L0000001249,Isar - Ottenhofen 444,61.314,1.0,1.002,
7453.0,11TD2L0000001265,Isar - Pleinting 451,63.465,1.0,0.991,
32092.0,11TD2L0000000390,Brunsbuettel - Itzehoe/W rot,18.254,1.0,1.031,
33926.0,11T0-0000-0925-Y,Handewitt - Jardelund gruen,15.958,1.0,0.996,
34117.0,11T0-0000-0989-Z,Y-Frankfurt/SW (-Karben - Kriftel) 2,21.203,1.0,0.9,
34111.0,11TD2L0000003136,Grosskrotzenburg - Karben 3,19.602,1.0,1.002,
2491.0,11T0-0000-1622-F,Audorf/S - Kiel/S gelb/421,31.98826,3.0,0.969,
13691.0,11TD2L0000001346,Kiel/W - Kiel/S blau,19.34,2.0,0.923,
33795.0,11T0-0000-1622-F,Audorf/S - Kiel/S gelb/421,31.98826,3.0,0.969,
18209.0,11TD2L0000001346,Kiel/W - Kiel/S blau,19.34,2.0,0.923,
30674.0,11T0-0000-1621-I,Audorf/S - Kiel/W rot/422,25.07566,3.0,0.893,
8675.0,11TD2L0000001362,Kriegenbrunn - Raitersaich 438,27.381,2.0,0.982,
18095.0,11TD2L0000001370,Kriegenbrunn - Redwitz 432,80.82,3.0,0.991,
18103.0,11TD2L0000002067,Raitersaich - Wuergau 431,81.255,2.0,0.993,
18266.0,11TD2L0000001362,Kriegenbrunn - Raitersaich 438,27.381,2.0,0.982,
33415.0,11TD2L000000166U,Kruemmel - Lueneburg gruen,28.016,1.0,1.006,
33163.0,11TD2L000000228Y,Stadorf - Lueneburg 1,25.438,1.0,0.995,
10323.0,11T0-0000-0969-6,Kummerfeld - Dollern gruen,27.469,3.0,0.699,
19505.0,11T0-0000-0966-F,Hamburg/N - Dollern blau,43.248,5.0,0.788,
33123.0,11T0-0000-0969-6,Kummerfeld - Dollern gruen,27.469,3.0,0.699,
3283.0,11T0-0000-0969-6,Kummerfeld - Dollern gruen,27.469,3.0,0.699,
11160.0,11T0-0000-0966-F,Hamburg/N - Dollern blau,43.248,5.0,0.788,
33186.0,11TD2L0000001419,Landesbergen - Grohnde 1,72.421,1.0,1.001,
31647.0,11TD2L0000001435,Landesbergen - Hannover/W 3,43.243,2.0,1.018,
5157.0,11TD2L000000158T,Lehrte - Landesbergen 1,74.386,4.0,1.02,
33434.0,11TD2L0000001435,Landesbergen - Hannover/W 3,43.243,2.0,1.018,
3792.0,11TD2L000000158T,Lehrte - Landesbergen 1,74.386,4.0,1.02,
31731.0,11TD2L000000158T,Lehrte - Landesbergen 1,74.386,4.0,1.02,
31732.0,11TD2L000000158T,Lehrte - Landesbergen 1,74.386,4.0,1.02,
7950.0,11TD2L0000001087,Hamburg/N - Luebeck rot,48.772,4.0,1.067,
18174.0,11TD2L0000001079,Hamburg/N - Luebeck gelb,48.775,4.0,1.067,
18178.0,11TD2L0000001087,Hamburg/N - Luebeck rot,48.772,4.0,1.067,
30267.0,11TD2L0000001079,Hamburg/N - Luebeck gelb,48.775,4.0,1.067,
34151.0,11TD2L0000001087,Hamburg/N - Luebeck rot,48.772,4.0,1.067,
5646.0,11TD2L000000157V,Lehrte - Godenau 1,48.611,1.0,0.991,
15917.0,11T0-0000-1109-R,Y-Erzhausen (-Lehrte - Hardegsen) 2,60.949,2.0,1.0,
34033.0,11TD2L0000001621,Ludersheim - Raitersaich 237,78.632,1.0,0.484,
31990.0,11TD2L000000165W,Ludersheim - Sittling 221,147.064,1.0,0.501,
33612.0,11TD2L000000172Z,Marienberg - Neufinsing 251,51.423,1.0,0.993,
33988.0,11TD2L000000178N,Mecklar - Dipperz 2,50.574,1.0,0.986,
8417.0,11TD2L000000159R,Lehrte - Mehrum 1,14.71,1.0,1.003,
21658.0,11TD2L0000001605,Lehrte - Mehrum 2,14.715,1.0,1.003,
33856.0,11T0-0000-1053-U,Y-Hallendorf (-Mehrum - Gleidingen) 2,29.22,1.0,1.007,
7828.0,11TD2L000000338R,Meissen - Veltheim A08,11.14,1.0,0.986,
18165.0,11TD2L000000339P,Meissen - Veltheim A09,11.137,1.0,0.986,
25273.0,11TD2L000000187M,Neufinsing - Ottenhofen 287,5.453,1.0,0.774,
3779.0,11TD2L000000186O,Neufinsing - Ottenhofen 286,5.447,1.0,0.775,
7063.0,11TD2L000000188K,Neufinsing - Zolling 258,32.77,1.0,0.961,
33360.0,11TD2L000000185Q,Neufinsing - Oberbachern 264,39.265,1.0,0.961,
30494.0,11TD2L000000194P,Oberbachern - Oberbrunn 270,30.918,2.0,1.0,
33224.0,11TD2L000000194P,Oberbachern - Oberbrunn 270,30.918,2.0,1.0,
33087.0,11TD2L000000196L,Oberbachern - Ottenhofen 462,44.118,2.0,0.946,
15356.0,11TD2L0000003322,Landesbergen - Ohlensehlen 1,16.71,3.0,1.01,
5139.0,11TD2L000000149U,Landesbergen - Ovenstaedt 4,25.688,3.0,1.002,
15354.0,11TD2L000000200J,Ovenstaedt - Sottrum 3,104.959,4.0,0.998,
5138.0,11TD2L000000149U,Landesbergen - Ovenstaedt 4,25.688,3.0,1.002,
5373.0,11TD2L0000001508,Landesbergen - Sottrum 2,79.141,3.0,1.007,
5048.0,11TD2L000000199F,Ovenstaedt - Eickum 4,45.381,1.0,0.995,
15210.0,11T0-0000-1547-Y,Ovenstaedt - Eickum 3,45.304,1.0,0.996,
4761.0,11TD2L000000149U,Landesbergen - Ovenstaedt 4,25.688,3.0,1.002,
15355.0,11TD2L000000200J,Ovenstaedt - Sottrum 3,104.959,4.0,0.998,
33187.0,11TD2L000000200J,Ovenstaedt - Sottrum 3,104.959,4.0,0.998,
24734.0,11TD2L000000200J,Ovenstaedt - Sottrum 3,104.959,4.0,0.998,
7235.0,11TD2L000000201H,Pirach - Pleinting 257,86.119,4.0,0.996,
7001.0,11TD2L000000201H,Pirach - Pleinting 257,86.119,4.0,0.996,
7002.0,11TD2L000000201H,Pirach - Pleinting 257,86.119,4.0,0.996,
34130.0,11TD2L0000002067,Raitersaich - Wuergau 431,81.255,2.0,0.993,
17674.0,11TD2L0000002075,Raitersaich - Trennfeld 211,229.808,2.0,0.494,
33964.0,11T0-0000-0104-B,Mechlenreuth - Redwitz 469,49.314,1.0,1.018,
32050.0,11TD2L000000164Y,Ludersheim - Schwandorf 223,63.425,1.0,0.99,
32193.0,11TD2L000000204B,Pleinting - Schwandorf 226,112.554,1.0,1.0,
32060.0,11TD2L0000000706,Etzenricht - Schwandorf 457,42.951,1.0,1.007,
33712.0,11TD2L000000344W,Brunsbuettel - Suederdonn blau,14.103,1.0,0.933,
34082.0,11T0-0000-1475-X,Audorf/S - Schuby/W schwarz,41.64,1.0,0.991,
7160.0,11T0-0000-0985-A,Y-Simbach (-Simbach - St. Peter - Altheim) 233/230,3.961,1.0,0.658,
17012.0,11T0-0000-0987-4,Y-Simbach (-Simbach - St. Peter - Altheim) 234/230,3.959,1.0,0.658,
33951.0,11TD2L0000001184,Ingolstadt - Sittling 228,24.388,1.0,0.98,
33992.0,11TD2L0000002180,Sottrum - Dollern gruen,52.592,2.0,1.096,
33231.0,11TD2L000000219Z,Sottrum - Dollern schwarz,52.582,2.0,1.096,
33790.0,11TD2L0000002164,Sottrum - Blockland blau,38.713,2.0,0.995,
3916.0,11TD2L0000002164,Sottrum - Blockland blau,38.713,2.0,0.995,
12004.0,11T0-0000-1123-0,Y-Huntorf (-Blockland - Conneforde) weiss,47.427,3.0,0.972,
7505.0,11TD2L000000248S,Wahle - Stadorf 2,85.798,1.0,1.0,
17403.0,11TD2L000000247U,Wahle - Stadorf 1,85.74,1.0,1.001,
33359.0,11T0-0000-0981-M,Elsfleth/W - Unterweser rot,27.132,1.0,0.997,
3838.0,11TD2L0000002423,Wahle - Hallendorf 3,15.96661,3.0,0.929,
10872.0,11TD2L0000002415,Wahle - Gleidingen 2,6.545,2.0,1.033,
7436.0,11TD2L000000239T,Wahle - Braunschweig/N 1,10.568,2.0,1.041,
17349.0,11TD2L0000002407,Wahle - Braunschweig/N 2,10.574,2.0,1.04,
7109.0,11TD2L0000002423,Wahle - Hallendorf 3,15.96661,3.0,0.929,
16960.0,11TD2L0000002415,Wahle - Gleidingen 2,6.545,2.0,1.033,
7030.0,11TD2L0000002423,Wahle - Hallendorf 3,15.96661,3.0,0.929,
16943.0,11T0-0000-1054-R,Y-Hallendorf (-Gleidingen - Mehrum) 2,8.427,1.0,0.959,
33326.0,11TD2L0000001613,Lehrte - Wahle 1,62.223,1.0,0.531,
33240.0,11T0-0000-1016-0,Y-Waldeck (-Waldeck - Borken - Twistetal) 3,3.364,1.0,1.014,
33121.0,11TD2L000000059V,Dollern - Wilster/W rot,57.4,6.0,0.883,
11152.0,11TD2L0000000366,Brokdorf - Wilster/W weiss,8.195,2.0,1.029,
33105.0,11TD2L0000000439,Buettel - Wilster/W gelb,9.312,2.0,0.979,
3286.0,11TD2L000000059V,Dollern - Wilster/W rot,57.4,6.0,0.883,
11158.0,11T0-0000-1569-K,Wilster/W - Stade/W gelb,62.548,6.0,0.916,
3291.0,11TD2L000000059V,Dollern - Wilster/W rot,57.4,6.0,0.883,
11156.0,11T0-0000-1569-K,Wilster/W - Stade/W gelb,62.548,6.0,0.916,
11148.0,11TD2L000000059V,Dollern - Wilster/W rot,57.4,6.0,0.883,
25162.0,11T0-0000-1569-K,Wilster/W - Stade/W gelb,62.548,6.0,0.916,
7051.0,11TD2L000000092X,Grohnde - Wuergassen 2,57.347,3.0,0.979,
8067.0,11TD2L000000092X,Grohnde - Wuergassen 2,57.347,3.0,0.979,
18262.0,11T0-0000-1037-Q,Y-Voerden (-Grohnde - Bergshausen) 1,28.938,1.0,1.001,
15899.0,11T0-0000-1034-Z,Y-Erzhausen (-Godenau - Hardegsen - Goettingen) 3,13.314,1.0,0.962,
16581.0,11T0-0000-1109-R,Y-Erzhausen (-Lehrte - Hardegsen) 2,60.949,2.0,1.0,
33367.0,11T0-0000-1123-0,Y-Huntorf (-Blockland - Conneforde) weiss,47.427,3.0,0.972,
33366.0,11T0-0000-1123-0,Y-Huntorf (-Blockland - Conneforde) weiss,47.427,3.0,0.972,
33364.0,11T0-0000-1121-6,Y-Huntorf (-Conneforde - Blockland) weiss,26.344,1.0,1.006,
3924.0,11T0-0000-1122-3,Y-Huntorf (-Huntorf - Conneforde - Sottrum) weiss,5.523,1.0,0.984,
11998.0,11T0-0000-1119-N,Y-Huntorf (-Huntorf - Conneforde - Sottrum) gelb,5.522,1.0,0.984,
33631.0,11T-D2-D7-00002F,Hanekenfaehr - Doerpen/W EWBL,73.05039586943188,5.0,1.087,
3588.0,11T0-0000-1015-3,Y-Waldeck (-Borken - Twistetal) 3,18.632,1.0,0.995,
11571.0,11T0-0000-1465-0,Y-Waldeck (-Borken - Twistetal) 2,18.639,1.0,0.995,
33241.0,11T0-0000-1017-Y,Y-Waldeck (-Twistetal - Borken) 3,23.32891,1.0,1.005,
34271.0,11T0-0000-1049-G,Y-Wechold (-Landesbergen - Sottrum) rot/1,42.692,3.0,1.046,
34270.0,11T0-0000-1049-G,Y-Wechold (-Landesbergen - Sottrum) rot/1,42.692,3.0,1.046,
5147.0,11T0-0000-1052-X,Y-Wechold (-Sottrum - Landesbergen) rot/1,33.806,2.0,1.025,
15363.0,11T0-0000-1048-J,Y-Wechold (-Sottrum - Landesbergen) gelb/2,33.801,2.0,1.025,
32027.0,11TD2L000000122D,Irsching - Zolling 262,40.15,1.0,0.992,
34167.0,11T0-0000-0072-V,Guetersloh - Bechterdissen SN2,39.77695260722605,2.0,0.586,
33977.0,11T-D2-D8-000051,Hamburg/S - Dollern 982,57.287000000000006,1.0,0.488,
34248.0,11T-D2-D7-00030A,Dettingen - Grosskrotzenburg US1,6.641055322667617,1.0,0.584,
34029.0,11T-D2-D8-000213,Helmstedt - Wolmirstedt 492,48.692,1.0,0.993,
33247.0,11T-D2-D8-000302,Mecklar - Vieselbach 449,129.724,2.0,0.978,
33824.0,11T-D2-D8-00051V,Redwitz - Remptendorf 414,55.969,2.0,0.993,
33110.0,11T-D2-D8-001015,Altenfeld - Redwitz 460,56.752,1.0,0.993,
18344.0,11T0-0000-0032-A,Audorf/S - Hamburg/N weiss,69.045,2.0,0.994,
9012.0,11T0-0000-0966-F,Hamburg/N - Dollern blau,43.248,5.0,0.788,
33901.0,11T-D2-D7-000504,Meitingen - Oberbachern 419,75.18796707680941,2.0,0.66,
30820.0,11T-D2-D7-000504,Meitingen - Oberbachern 419,75.18796707680941,2.0,0.66,
33671.0,11T-D2-D7-00010G,Nehden - Twistetal TO3,28.50212556794876,2.0,1.083,
7787.0,11TD400000598-LE,Altbach - Muehlhausen ws,31.47,3.0,1.125,
17888.0,11TD400000528-LC,Endersbach - Wendlingen bl,20.3,4.0,0.934,
34014.0,11T0-0000-0951-Y,Y-Grossgartach (-Endersbach - Muelhausen) gn,27.1,3.0,1.596,
3452.0,11TD400000568-LT,Altlussheim - Daxlanden bl,37.8,3.0,0.957,
3453.0,11TD400000568-LT,Altlussheim - Daxlanden bl,37.8,3.0,0.957,
3451.0,11TD400000568-LT,Altlussheim - Daxlanden bl,37.8,3.0,0.957,
3516.0,11TD400000580-LE,Altlussheim - GKM bl,21.06,2.0,0.917,
23833.0,11TD400000580-LE,Altlussheim - GKM bl,21.06,2.0,0.917,
4834.0,11T0-0000-1639-R,Y-Neurott (-GKM - Weinheim) rt,26.48,2.0,0.522,
8653.0,11TD400000559-LU,Beuren - Gurtweil ge,77.4,3.0,0.996,
18082.0,11TD400000569-LP,Beuren - Stockach bl,12.2,2.0,0.941,
5618.0,11TD400000559-LU,Beuren - Gurtweil ge,77.4,3.0,0.996,
15903.0,11T0-0000-1626-3,Y-Stokach (-Gurtweil - Laufenburg) ge-rt,69.71,3.0,0.99,
6977.0,11TD400000559-LU,Beuren - Gurtweil ge,77.4,3.0,0.996,
5620.0,11T0-0000-1626-3,Y-Stokach (-Gurtweil - Laufenburg) ge-rt,69.71,3.0,0.99,
5619.0,11TD400000569-LP,Beuren - Stockach bl,12.2,2.0,0.941,
15902.0,11T0-0000-1626-3,Y-Stokach (-Gurtweil - Laufenburg) ge-rt,69.71,3.0,0.99,
33116.0,11TD400000581-LA,Birkenfeld - Daxlanden ge,29.3,2.0,0.977,
33117.0,11TD400000586-LR,Daxlanden - Oberwald rt,13.5,2.0,0.957,
1807.0,11TD400000566-L0,Buehl - Weier gn,28.9,2.0,1.001,
11367.0,11T0-0000-1478-O,Y-Buehl (-Daxlanden - Kuppenheim) rt,21.1,2.0,0.959,
11368.0,11TD40000A574-36,Y-Weier (-Daxlanden - Kuppenheim) ge,46.71,2.0,0.987,
11705.0,11TD400000566-L0,Buehl - Weier gn,28.9,2.0,1.001,
34101.0,11TD400000600-LB,Buenzwangen - Laichingen gn,48.1,2.0,0.94,
6523.0,11TD400000537-LB,Buers - Obermooweiler ws,78.5,1.0,0.987,
33254.0,11TD400000577-LS,Daxlanden - Eichstetten rt,120.7,1.0,0.997,
8686.0,11TD400000590-L9,Daxlanden - KarlsruheWest ge,3.5,2.0,0.947,
22880.0,11TD400000590-L9,Daxlanden - KarlsruheWest ge,3.5,2.0,0.947,
23707.0,11TD400000584-LZ,Daxlanden - KarlsruheWest rt,3.5,2.0,0.947,
5421.0,11TD400000573-L7,Eichstetten - Kuehmoos rt,83.4,4.0,0.994,
15676.0,11T-D4-D7-00004Q,Daxlanden - Kuehmoos ge,204.2,5.0,0.995,
34169.0,11TD400000573-L7,Eichstetten - Kuehmoos rt,83.4,4.0,0.994,
8039.0,11TD400000573-L7,Eichstetten - Kuehmoos rt,83.4,4.0,0.994,
18243.0,11T-D4-D7-00004Q,Daxlanden - Kuehmoos ge,204.2,5.0,0.995,
34273.0,11TD400000573-L7,Eichstetten - Kuehmoos rt,83.4,4.0,0.994,
31712.0,11T-D4-D7-00002U,Daxlanden - Maximiliansau sw,8.047836562674203,1.0,0.671,
3809.0,11TD400000586-LR,Daxlanden - Oberwald rt,13.5,2.0,0.957,
33259.0,11TD400000562-LG,Daxlanden - Philippsburg ge,32.6,1.0,0.953,
7947.0,11TD400000547-L6,Daxlanden - RDK8 gn,0.5,1.0,1.528,
9798.0,11TD400000552-LL,Daxlanden - RDK7 sw,0.5,1.0,1.528,
33166.0,11T-D4-D7-00003S,Daxlanden - Weingarten ge,32.71458126290156,1.0,0.983,
32921.0,11TD400000535-LJ,Dellmensingen - Obermooweiler gn,76.1,1.0,0.991,
8079.0,11T0-0000-1365-5,Y-Dellmensingen (-Goldshoefe - Niederstotzingen) ws,40.7,1.0,0.997,
18269.0,11TD400000593-LY,Dellmensingen - Rotensohl bl,67.1,2.0,0.996,
18251.0,11T0-0000-1366-2,Y-Goldshoefe (-Dellmensingen - Niederstotzingen) ws,46.7,2.0,0.993,
18267.0,11TD400000593-LY,Dellmensingen - Rotensohl bl,67.1,2.0,0.996,
20427.0,11TD400000579-LK,Eichstetten - Weier ge,48.8,2.0,1.011,
7091.0,11TD400000571-LF,Eichstetten - Gurtweil ge,72.3,3.0,1.008,
33935.0,11TD400000579-LK,Eichstetten - Weier ge,48.8,2.0,1.011,
8658.0,11TD400000528-LC,Endersbach - Wendlingen bl,20.3,4.0,0.934,
18086.0,11T0-0000-0950-0,Y-Endersbach (-Grossgartach - Muehlhausen) gn,16.7,4.0,2.357,
17885.0,11TD400000528-LC,Endersbach - Wendlingen bl,20.3,4.0,0.934,
18085.0,11T0-0000-0950-0,Y-Endersbach (-Grossgartach - Muehlhausen) gn,16.7,4.0,2.357,
33480.0,11T0-0000-0097-8,Engstlatt - Oberjettingen ws,33.8,1.0,0.963,
23745.0,11TD40000A548-L6,Engstlatt - Trossingen rt,37.3,3.0,0.977,
3877.0,11TD400000587-1Q,Y-Engstlatt (-Kuehmoos - Villingen) gn,55.4,3.0,0.977,
3878.0,11TD40000A548-L6,Engstlatt - Trossingen rt,37.3,3.0,0.977,
11940.0,11TD40000A548-L6,Engstlatt - Trossingen rt,37.3,3.0,0.977,
32129.0,10T-CH-DE-000050,Laufenburg - Trossingen rt,81.5,4.0,1.004,
32013.0,11TD400000529-L8,GKN2 - Grossgartach sw,16.9,2.0,0.927,
23717.0,11T0-0000-0951-Y,Y-Grossgartach (-Endersbach - Muelhausen) gn,27.1,3.0,1.596,
7092.0,11TD400000529-L8,GKN2 - Grossgartach sw,16.9,2.0,0.927,
8058.0,11T0-0000-1366-2,Y-Goldshoefe (-Dellmensingen - Niederstotzingen) ws,46.7,2.0,0.993,
18254.0,11TD400000544-LI,Goldshoefe - Rotensohl gn,20.4,1.0,0.987,
32047.0,11TD400000545-LE,Goldshoefe - Kupferzell gn,55.2,1.0,1.003,
33798.0,11T-D2-D4-000022,Grafenrheinfeld - Stalldorf rt (416),54.439,2.0,0.995,
7205.0,11T-D2-D4-000014,Grafenrheinfeld - Hoepfingen ge (411),92.432,2.0,0.996,
17062.0,11T-D2-D4-000022,Grafenrheinfeld - Stalldorf rt (416),54.439,2.0,0.995,
17171.0,11TD400000527-LG,Grossgartach - Heilbronn rt,7.0,1.0,0.88,
31515.0,11TD400000551-LP,Grossgartach - Hueffenhardt bl,18.5,1.0,0.998,
32033.0,11TD400000524-LS,Grossgartach - Kupferzell ws,47.7,1.0,0.982,
33827.0,11TD40000A530-L6,Grossgartach - Pulverdingen rt,29.6,1.0,0.966,
31699.0,11TD400000534-LN,Gruenkraut - Herbertingen rt,41.1,1.0,1.004,
31666.0,11TD40000A536-LJ,Gruenkraut - Obermooweiler bl,18.2,1.0,1.01,
32141.0,11T-D4-D7-00010V,Herbertingen - Tiengen rt,113.13007775248272,1.0,1.001,
32169.0,11TD400000543-LM,Hoepfingen - Hueffenhardt ge,45.4,1.0,0.992,
8399.0,11T-D4-D7-00014N,Hoheneck - Pulverdingen ws,19.375132781327537,2.0,0.539,
17786.0,11TD400000550-LT,Muehlhausen - Pulverdingen bl,30.7,4.0,0.91,
8385.0,11T-D4-D7-00014N,Hoheneck - Pulverdingen ws,19.375132781327537,2.0,0.539,
17781.0,11TD400000550-LT,Muehlhausen - Pulverdingen bl,30.7,4.0,0.91,
32151.0,11TD40000A575-L3,Karlsruhe Ost - Oberwald rt,2.63,1.0,1.063,
34102.0,11TD400000565-L4,Kuehmoos - Schwoerstadt ge,9.6,1.0,0.887,
8228.0,11T-D4-D7-00012R,Kuehmoos - Tiengen gr,32.38351060337235,3.0,0.908,
31709.0,11T-D4-D7-00012R,Kuehmoos - Tiengen gr,32.38351060337235,3.0,0.908,
34036.0,11T-D4-D7-00012R,Kuehmoos - Tiengen gr,32.38351060337235,3.0,0.908,
31720.0,11TD400000605-LS,Kupferzell - Stalldorf rot,46.8,1.0,1.003,
31684.0,11T0-0000-0099-2,Marbach - Pulverdingen gn,17.77,2.0,0.766,
8487.0,11T0-0000-0099-2,Marbach - Pulverdingen gn,17.77,2.0,0.766,
6917.0,11T-D4-D7-00016J,Y-Metzingen (-Herbertingen - Hoheneck) sw,2.7,2.0,1.755,
17001.0,11TD400000602-L3,Metzingen - Wendlingen ge,22.7,2.0,0.918,
33788.0,11T0-0000-0963-O,Y-Hoheneck (-Herbertingen - Metzingen) sw,62.7,5.0,0.909,
7844.0,11TD400000563-LC,Neurott - Heidelberg Sued ge,3.0,1.0,0.71,
7977.0,11TD400000570-LJ,Neurott - Heidelberg Sued rt,3.0,1.0,0.71,
8255.0,11TD400000589-LF,Neurott - Philippsburg gn,22.17,2.0,0.968,
17611.0,11TD400000542-2R,Y-Neurott (-Hueffenhardt - Wiesloch) ge,7.5,2.0,0.908,
17609.0,11TD400000589-LF,Neurott - Philippsburg gn,22.17,2.0,0.968,
31512.0,11TD400000582-L6,Neurott - Wiesloch bl,9.6,1.0,1.001,
33478.0,11TD400000519-LD,Oberjettingen - Pulverdingen ws,45.6,2.0,0.972,
33477.0,11TD400000519-LD,Oberjettingen - Pulverdingen ws,45.6,2.0,0.972,
8544.0,11T0-0000-1642-7,Y-Bruchsal (- Philippsburg - Pulverdingen) ws,5.2,1.0,0.607,
8545.0,11TD400000521-24,Y-Bruchsal/Kaendelweg (-Philippsburg - Pulverdingen) rt,5.2,1.0,0.607,
3431.0,11TD40000A574-36,Y-Weier (-Daxlanden - Kuppenheim) ge,46.71,2.0,0.987,
11370.0,11T0-0000-1478-O,Y-Buehl (-Daxlanden - Kuppenheim) rt,21.1,2.0,0.959,
3432.0,11TD400000574-24,Y-Daxlanden (-Kuppenheim - Weier) ge,19.8,1.0,0.985,
11372.0,11T0-0000-1479-L,Y-Daxlanden (-Buehl - Kuppenheim) rt,19.8,1.0,0.985,
33342.0,11TD400000587-1Q,Y-Engstlatt (-Kuehmoos - Villingen) gn,55.4,3.0,0.977,
32808.0,11T0-0000-0951-Y,Y-Grossgartach (-Endersbach - Muelhausen) gn,27.1,3.0,1.596,
7147.0,11T-D4-D7-00009G,Y-Herbertingen (-Hoheneck - Metzingen) sw,61.0,1.0,0.999,
31386.0,11T0-0000-0963-O,Y-Hoheneck (-Herbertingen - Metzingen) sw,62.7,5.0,0.909,
32095.0,11TD400000542-1T,Y-Hueffenhardt (-Neurott - Wiesloch) ge,31.8,1.0,1.002,
33345.0,11TD400000587-2O,Y-Kuehmoos (-Engstlatt - Villingen) gn,68.0,4.0,0.999,
3879.0,11TD400000587-2O,Y-Kuehmoos (-Engstlatt - Villingen) gn,68.0,4.0,0.999,
9422.0,11TD400000587-2O,Y-Kuehmoos (-Engstlatt - Villingen) gn,68.0,4.0,0.999,
23754.0,10T-CH-DE-00008V,Kuehmoos - Laufenburg br (Heimbach),8.23,3.0,1.072,
33344.0,11TD400000587-2O,Y-Kuehmoos (-Engstlatt - Villingen) gn,68.0,4.0,0.999,
24193.0,10T-CH-DE-00008V,Kuehmoos - Laufenburg br (Heimbach),8.23,3.0,1.072,
33210.0,11T0-0000-1639-R,Y-Neurott (-GKM - Weinheim) rt,26.48,2.0,0.522,
8252.0,11TD400000542-2R,Y-Neurott (-Hueffenhardt - Wiesloch) ge,7.5,2.0,0.908,
7675.0,11T0-0000-1643-4,Y-Philippsburg (-Bruchsal - Pulverdingen) ws,16.2,1.0,0.96,
17518.0,11TD400000521-16,Y-Philippsburg (-Bruchsal/Kaendelweg - Pulverdingen) rt,16.3,1.0,0.954,
33990.0,11T0-0000-1644-1,Y-Pulverdingen (-Bruchsal - Philippsburg) ws,51.5,2.0,0.982,
21665.0,11T0-0000-1644-1,Y-Pulverdingen (-Bruchsal - Philippsburg) ws,51.5,2.0,0.982,
17515.0,11TD40000A521-36,Y-Pulverdingen (-Bruchsal/Kaendelweg -Philippsburg) rt,51.5,2.0,0.982,
31737.0,11TD400000587-3M,Y-Villingen (-Engstlatt - Kuehmoss) gn,16.2,1.0,1.004,
32094.0,11TD400000542-3P,Y-Wiesloch (-Hueffenhardt - Neurott) ge,2.2,1.0,0.977,
34159.0,10T-CH-DE-000050,Laufenburg - Trossingen rt,81.5,4.0,1.004,
32127.0,10T-CH-DE-000131,Laufenburg - Tiengen ANDLSB      ,11.0,2.0,2.049,
31670.0,10T-CH-DE-000131,Laufenburg - Tiengen ANDLSB      ,11.0,2.0,2.049,
6922.0,10T-CH-DE-000018,Asphard - Kuehmoos rt (Wehra),26.4,5.0,1.024,
16875.0,10T-CH-DE-000018,Asphard - Kuehmoos rt (Wehra),26.4,5.0,1.024,
9423.0,10T-CH-DE-00008V,Kuehmoos - Laufenburg br (Heimbach),8.23,3.0,1.072,
11942.0,10T-CH-DE-00009T,Kuehmoos - Laufenburg ge (Seelbach),4.0,3.0,2.206,
18212.0,10T-CH-DE-000107,Kuehmoos - Laufenburg rt (Murg),8.1,3.0,1.089,
,11T0-0000-0026-2,TR Vierraden 220/400 402,,,,31305.0
,11T0-0000-0028-X,TR Vierraden 220/400 404,,,,31305.0
,11T0-0000-0003-J,TR Lubmin 220/400 405,,,,30897.0
,11TD8T401WU12-0Y,TR Wustermark 220/400 401,,,,31044.0
,11TD8T402WU12--S,TR Wustermark 220/400 402,,,,31044.0
,11TD8T403WOL12-P,TR Wolmirstedt 220/400 403,,,,31187.0
,11TD8T404WOL12-H,TR Wolmirstedt 220/400 404,,,,31187.0
,11TD8T401MZA12-Q,TR Marzahn 220/400 401,,,,31090.0
,11TD8T402MZA12-I,TR Marzahn 220/400 402,,,,31090.0
,11TD8T402VIB12-B,TR Vieselbach 220/400 402,,,,31162.0
,11TD8T403VIB12-B,TR Vieselbach 220/400 403,,,,31162.0
,11TD2T0000002013,TR Brunsbuettel T421,,,,31057.0
,11TD8T403GUE12-P,TR Güstrow 220/400 403,,,,31312.0
,11TD8T401THY12-2,TR Thyrow 220/400 401,,,,30916.0
,11TD8T401NHG12-N,TR Neuenhagen 220/400 401,,,,31125.0
,11TD8T402NHG12-F,TR Neuenhagen 220/400 402,,,,31125.0
,11TD8T405NOR12-5,TR Hamburg/Nord 220/400 405,,,,31098.0
,11TD8T406NOR12-Y,TR Hamburg/Nord 220/400 406,,,,31098.0
,11TD8T401EU12--E,TR Eula 220/400 401,,,,31051.0
,11T0-0000-0914-4,TR Westerkappeln,,,,30866.0
,11T0-0000-0683-V,TR Kusenhorst,,,,30993.0
,12T-0000000591-H,TR / 380-220kV / Kuehmoos Trafo 401,,,,30979.0
,11T0-0000-1251-Q,TR Dauersberg,,,,31200.0
,11T0-0000-0589-I,TR Dauersberg,,,,31200.0
,11T0-0000-0833-4,TR Rommerskirchen,,,,30974.0
,11T0-0000-0595-Q,TR Eiberg,,,,30926.0
,11T0-0000-1278-Y,TR Hanekenfaehr,,,,30843.0
,11T0-0000-0859-F,TR Tiengen,,,,31261.0
,11T0-0000-0858-I,TR St. Peter,,,,31003.0
,11T0-0000-1348-4,TR St. Peter,,,,31003.0
,11T0-0000-0796-D,TR Opladen,,,,31323.0
,11T0-0000-1674-Q,TR Opladen,,,,31323.0
,11TD2T000000143S,TR Oberbachern T421,,,,31351.0
,11T0-0000-1352-I,TR Walsum,,,,31208.0
,11T0-0000-0904-8,TR Weissenthurm,,,,31348.0
,11T0-0000-0862-W,TR Uchtelfangen,,,,30923.0
,11T0-0000-0606-H,TR Ensdorf,,,,31343.0
,11T0-0000-0614-J,TR Gersteinwerk,,,,31127.0
,11T0-0000-0615-G,TR Gersteinwerk,,,,31127.0
,11TD2T000000071R,TR Grosskrotzenburg T422,,,,31227.0
,11TD2T000000072P,TR Grosskrotzenburg T423,,,,31227.0
,11TD2T000000070T,TR Grosskrotzenburg T421,,,,31227.0
,11T0-0000-0572-6,TR Buerstadt,,,,31223.0
,11T0-0000-0571-9,TR Buerstadt,,,,31223.0
,11TD400000023-T9,TR / 380-220kV / Daxlanden / Trafo 401,,,,30862.0
,11TD400000028-TQ,TR / 380-220kV / Daxlanden / Trafo 402,,,,30862.0
,11T0-0000-0874-M,TR Urberach,,,,31330.0
,11T0-0000-0875-J,TR Urberach,,,,31330.0
,11TD2T000000246I,TR Bechterdissen T424,,,,31229.0
,11TD2T000000245K,TR Bechterdissen T423,,,,31229.0
,11T0-0000-0754-Z,TR Niederrhein,,,,31192.0
,11T0-0000-0847-P,TR Sechtem,,,,31012.0
,11T0-0000-0884-I,TR Voehringen,,,,31175.0
,11TD400000144-TQ,TR / 380-220kV / Pulverdingen / Trafo 323,,,,30869.0
,11T0-0000-0575-Y,TR Buescherhof,,,,30955.0
,11T0-0000-0759-K,TR Niederstedem,,,,31203.0
,11T0-0000-0758-N,TR Niederstedem,,,,31203.0
,11T0-0000-0760-6,TR Niederstedem,,,,31203.0
,11T0-0000-0879-7,TR Utfort,,,,31034.0
,11T0-0000-0878-A,TR Utfort,,,,31034.0
,11T0-0000-0893-H,TR Wehrendorf,,,,31148.0
,11T0-0000-0646-1,TR Hattingen,,,,30977.0
,11T0-0000-1249-6,TR Brauweiler,,,,31334.0
,11TD2T000000180M,TR Sottrum T421,,,,31263.0
,11TD2T000000172L,TR Siems T421,,,,31159.0
,11TD2T000000116V,TR Landesbergen T422,,,,31146.0
,11TD2T000000117T,TR Landesbergen T423,,,,31146.0
,11TD2T000000206U,TR Unterweser T421,,,,31111.0
,11TD2T0000001975,TR Wuergassen T421,,,,31151.0
,11TD2T0000001983,TR Wuergassen T422,,,,31151.0
,11TD2T000000168C,TR Schwandorf VK5,,,,31287.0
,11T0-0000-1589-C,TR Emden/O T428,,,,31291.0
,11T0-0000-0070-0,TR Emden/O T425,,,,31291.0
,11TD2T000000160S,TR Raitersaich VK6,,,,30841.0
,11TD2T000000260O,TR Etzenricht T421,,,,31232.0
,11TD2T000000096B,TR Irsching VK6,,,,30860.0
,11TD2T000000191H,TR Wahle T421,,,,30997.0
,11TD2T000000192F,TR Wahle T422,,,,30997.0
,11TD2T000000146M,TR Ottenhofen VK6,,,,31115.0
,11TD2T000000147K,TR Ottenhofen VK7,,,,31115.0
,11T0-0000-0019-Y,TR Audorf/S T422,,,,30828.0
,11TD2T0000000142,TR Audorf/S T421,,,,30828.0
,11TD2T000000155L,TR Pleinting VK6,,,,31275.0
,11TD2T000000156J,TR Pleinting VK7,,,,31275.0
,11TD400000125-TW,TR / 380-220kV / Neurott / Trafo 401,,,,31093.0
,11TD400000127-TO,TR / 380-220kV / Neurott / Trafo 402,,,,31093.0
,11TD400000041-T7,TR / 380-220kV / Eichstetten / Trafo 401,,,,30899.0
